experiment_signature,run_id,condition,query_id,category,question,corpus_chunks,corpus_fingerprint,top_k,expected_provider,expected_model,actual_provider,actual_model,temperature,max_tokens,think,generation_seed,retrieval_time_ns,generation_time_ns,end_to_end_time_ns,retrieved_chunk_ids,relevant_chunk_ids,relevant_retrieved_chunk_ids,retrieval_hit_count,precision_at_5,recall_at_5,citation_valid,citation_retry_count,citation_count,valid_citations,invalid_citations,citation_relevant_count,citation_relevance,answer_word_count,answer,generation_metadata
67797253ce57ea43fce43af34b004d4780e9f24c8a6a1e248500cb7761db1677,no_rag|q01,no_rag,q01,tutorial,How do I create a basic FastAPI application and define my first path operation?,1305,e08b47b55d7237f38bcaba48c79a468a40b92e4f3120e968ae9ece999f5e8c2d,,ollama,qwen2.5:3b,ollama,qwen2.5:3b,0.0,256,false,42,,519886100,519886100,[],"[""advanced/sub-applications-2"", ""deployment/docker-7"", ""tutorial/first-steps-0"", ""tutorial/first-steps-22"", ""tutorial/first-steps-23"", ""tutorial/first-steps-26"", ""tutorial/first-steps-28"", ""tutorial/first-steps-33""]",[],,,,,,,[],[],,,19,"Create a FastAPI application, define a route using `router`, and use the `@router.post` decorator to define a path operation.","{""done_reason"": ""stop"", ""eval_count"": 29, ""eval_duration"": 488745000, ""load_duration"": 2093700, ""prompt_eval_count"": 83, ""prompt_eval_duration"": 19503000, ""requested_max_tokens"": 256, ""requested_seed"": 42, ""requested_temperature"": 0.0, ""thinking_enabled"": false, ""total_duration"": 517380100}"
67797253ce57ea43fce43af34b004d4780e9f24c8a6a1e248500cb7761db1677,optimized|q01,optimized,q01,tutorial,How do I create a basic FastAPI application and define my first path operation?,1305,e08b47b55d7237f38bcaba48c79a468a40b92e4f3120e968ae9ece999f5e8c2d,5,ollama,qwen2.5:3b,ollama,qwen2.5:3b,0.0,256,false,42,10733100,1674232100,1685122900,"[""advanced/security/http-basic-auth-0"", ""tutorial/first-steps-23"", ""how-to/custom-docs-ui-assets-5"", ""contributing-0"", ""how-to/custom-docs-ui-assets-15""]","[""advanced/sub-applications-2"", ""deployment/docker-7"", ""tutorial/first-steps-0"", ""tutorial/first-steps-22"", ""tutorial/first-steps-23"", ""tutorial/first-steps-26"", ""tutorial/first-steps-28"", ""tutorial/first-steps-33""]","[""tutorial/first-steps-23""]",1,0.2,0.125,true,0,2,"[""how-to/custom-docs-ui-assets-5"", ""how-to/custom-docs-ui-assets-15""]",[],0,0.0,62,"To create a basic FastAPI application and define your first path operation, you can follow these steps:

1. Create a path operation to test it, as described in [how-to/custom-docs-ui-assets-5] and [how-to/custom-docs-ui-assets-15].

2. Use the provided code snippets in the respective files to set up your application.

3. Start your FastAPI application and test the path operation to ensure it works as expected.","{""citation_count"": 2, ""citation_retry_count"": 0, ""citation_valid"": true, ""done_reason"": ""stop"", ""effective_max_tokens"": 256, ""eval_count"": 94, ""eval_duration"": 1634497000, ""invalid_citations"": [], ""load_duration"": 2256600, ""prompt_eval_count"": 830, ""prompt_eval_duration"": 19472000, ""requested_max_tokens"": 256, ""requested_seed"": 42, ""requested_temperature"": 0.0, ""thinking_enabled"": false, ""total_duration"": 1671716300, ""truncation_retries"": 0, ""valid_citations"": [""how-to/custom-docs-ui-assets-5"", ""how-to/custom-docs-ui-assets-15""]}"
67797253ce57ea43fce43af34b004d4780e9f24c8a6a1e248500cb7761db1677,semantic|q01,semantic,q01,tutorial,How do I create a basic FastAPI application and define my first path operation?,1305,e08b47b55d7237f38bcaba48c79a468a40b92e4f3120e968ae9ece999f5e8c2d,5,ollama,qwen2.5:3b,ollama,qwen2.5:3b,0.0,256,false,42,18161700,1375803300,1394114500,"[""advanced/sub-applications-3"", ""advanced/sub-applications-2"", ""tutorial/first-steps-33"", ""deployment/docker-7"", ""tutorial/bigger-applications-23""]","[""advanced/sub-applications-2"", ""deployment/docker-7"", ""tutorial/first-steps-0"", ""tutorial/first-steps-22"", ""tutorial/first-steps-23"", ""tutorial/first-steps-26"", ""tutorial/first-steps-28"", ""tutorial/first-steps-33""]","[""advanced/sub-applications-2"", ""tutorial/first-steps-33"", ""deployment/docker-7""]",3,0.6,0.375,true,0,1,"[""tutorial/first-steps-33""]",[],1,1.0,40,"Create the main, top-level, FastAPI application and its path operations as follows:

```Python
from fastapi import FastAPI

app = FastAPI()


@app.get(""/"")
def read_root():
    return {""Hello"": ""World""}
```

This can be found in the main.py file created in the [tutorial/first-steps-33] citation.","{""citation_count"": 1, ""citation_retry_count"": 0, ""citation_valid"": true, ""done_reason"": ""stop"", ""effective_max_tokens"": 256, ""eval_count"": 74, ""eval_duration"": 1326751000, ""invalid_citations"": [], ""load_duration"": 2195500, ""prompt_eval_count"": 1030, ""prompt_eval_duration"": 19712000, ""requested_max_tokens"": 256, ""requested_seed"": 42, ""requested_temperature"": 0.0, ""thinking_enabled"": false, ""total_duration"": 1373217300, ""truncation_retries"": 0, ""valid_citations"": [""tutorial/first-steps-33""]}"
67797253ce57ea43fce43af34b004d4780e9f24c8a6a1e248500cb7761db1677,optimized|q02,optimized,q02,tutorial,How can I declare and validate query parameters in FastAPI?,1305,e08b47b55d7237f38bcaba48c79a468a40b92e4f3120e968ae9ece999f5e8c2d,5,ollama,qwen2.5:3b,ollama,qwen2.5:3b,0.0,256,false,42,9366200,7880162500,7889654500,"[""tutorial/query-param-models-1"", ""tutorial/query-params-4"", ""tutorial/body-multiple-params-4"", ""tutorial/header-params-2"", ""tutorial/query-param-models-0""]","[""index-35"", ""reference/parameters-0"", ""tutorial/body-9"", ""tutorial/body-multiple-params-4"", ""tutorial/path-params-numeric-validations-9"", ""tutorial/query-param-models-0"", ""tutorial/query-param-models-1"", ""tutorial/query-param-models-3"", ""tutorial/query-param-models-4"", ""tutorial/query-params-0"", ""tutorial/query-params-2"", ""tutorial/query-params-4"", ""tutorial/query-params-str-validations-0"", ""tutorial/query-params-str-validations-10"", ""tutorial/query-params-str-validations-14"", ""tutorial/query-params-str-validations-16"", ""tutorial/query-params-str-validations-2"", ""tutorial/query-params-str-validations-4"", ""tutorial/query-params-str-validations-5"", ""tutorial/query-params-str-validations-6""]","[""tutorial/query-param-models-1"", ""tutorial/query-params-4"", ""tutorial/body-multiple-params-4"", ""tutorial/query-param-models-0""]",4,0.8,0.2,true,1,1,"[""tutorial/query-param-models-0""]",[],1,1.0,49,You can declare and validate query parameters in FastAPI by creating a Pydantic model for the query parameters and then declaring the parameter as `Query`. This allows you to re-use the model in multiple places and also to declare validations and metadata for all the parameters at once. [tutorial/query-param-models-0],"{""citation_count"": 1, ""citation_retry_count"": 1, ""citation_valid"": true, ""done_reason"": ""stop"", ""effective_max_tokens"": 256, ""eval_count"": 65, ""eval_duration"": 1153627000, ""invalid_citations"": [], ""load_duration"": 3314900, ""prompt_eval_count"": 1377, ""prompt_eval_duration"": 1197739000, ""requested_max_tokens"": 256, ""requested_seed"": 42, ""requested_temperature"": 0.0, ""thinking_enabled"": false, ""total_duration"": 2366827200, ""truncation_retries"": 0, ""valid_citations"": [""tutorial/query-param-models-0""]}"
67797253ce57ea43fce43af34b004d4780e9f24c8a6a1e248500cb7761db1677,semantic|q02,semantic,q02,tutorial,How can I declare and validate query parameters in FastAPI?,1305,e08b47b55d7237f38bcaba48c79a468a40b92e4f3120e968ae9ece999f5e8c2d,5,ollama,qwen2.5:3b,ollama,qwen2.5:3b,0.0,256,false,42,18630000,11361373800,11380145800,"[""tutorial/query-params-str-validations-0"", ""tutorial/path-params-numeric-validations-9"", ""tutorial/body-9"", ""tutorial/query-params-str-validations-4"", ""python-types-17""]","[""index-35"", ""reference/parameters-0"", ""tutorial/body-9"", ""tutorial/body-multiple-params-4"", ""tutorial/path-params-numeric-validations-9"", ""tutorial/query-param-models-0"", ""tutorial/query-param-models-1"", ""tutorial/query-param-models-3"", ""tutorial/query-param-models-4"", ""tutorial/query-params-0"", ""tutorial/query-params-2"", ""tutorial/query-params-4"", ""tutorial/query-params-str-validations-0"", ""tutorial/query-params-str-validations-10"", ""tutorial/query-params-str-validations-14"", ""tutorial/query-params-str-validations-16"", ""tutorial/query-params-str-validations-2"", ""tutorial/query-params-str-validations-4"", ""tutorial/query-params-str-validations-5"", ""tutorial/query-params-str-validations-6""]","[""tutorial/query-params-str-validations-0"", ""tutorial/path-params-numeric-validations-9"", ""tutorial/body-9"", ""tutorial/query-params-str-validations-4""]",4,0.8,0.2,true,1,1,"[""tutorial/query-params-str-validations-4""]",[],1,1.0,34,"You can declare and validate query parameters in FastAPI by using the `Query` function inside an `Annotated` function, specifying the type and additional validation such as `max_length`. This is demonstrated in the [tutorial/query-params-str-validations-4] documentation.","{""citation_count"": 1, ""citation_retry_count"": 1, ""citation_valid"": true, ""done_reason"": ""stop"", ""effective_max_tokens"": 256, ""eval_count"": 56, ""eval_duration"": 1031025000, ""invalid_citations"": [], ""load_duration"": 1740800, ""prompt_eval_count"": 2059, ""prompt_eval_duration"": 1276343000, ""requested_max_tokens"": 256, ""requested_seed"": 42, ""requested_temperature"": 0.0, ""thinking_enabled"": false, ""total_duration"": 2324889400, ""truncation_retries"": 0, ""valid_citations"": [""tutorial/query-params-str-validations-4""]}"
67797253ce57ea43fce43af34b004d4780e9f24c8a6a1e248500cb7761db1677,no_rag|q02,no_rag,q02,tutorial,How can I declare and validate query parameters in FastAPI?,1305,e08b47b55d7237f38bcaba48c79a468a40b92e4f3120e968ae9ece999f5e8c2d,,ollama,qwen2.5:3b,ollama,qwen2.5:3b,0.0,256,false,42,,394731000,394731000,[],"[""index-35"", ""reference/parameters-0"", ""tutorial/body-9"", ""tutorial/body-multiple-params-4"", ""tutorial/path-params-numeric-validations-9"", ""tutorial/query-param-models-0"", ""tutorial/query-param-models-1"", ""tutorial/query-param-models-3"", ""tutorial/query-param-models-4"", ""tutorial/query-params-0"", ""tutorial/query-params-2"", ""tutorial/query-params-4"", ""tutorial/query-params-str-validations-0"", ""tutorial/query-params-str-validations-10"", ""tutorial/query-params-str-validations-14"", ""tutorial/query-params-str-validations-16"", ""tutorial/query-params-str-validations-2"", ""tutorial/query-params-str-validations-4"", ""tutorial/query-params-str-validations-5"", ""tutorial/query-params-str-validations-6""]",[],,,,,,,[],[],,,12,Use the `Query` function from FastAPI to declare and validate query parameters.,"{""done_reason"": ""stop"", ""eval_count"": 17, ""eval_duration"": 273065000, ""load_duration"": 2155200, ""prompt_eval_count"": 79, ""prompt_eval_duration"": 97165000, ""requested_max_tokens"": 256, ""requested_seed"": 42, ""requested_temperature"": 0.0, ""thinking_enabled"": false, ""total_duration"": 392835400}"
67797253ce57ea43fce43af34b004d4780e9f24c8a6a1e248500cb7761db1677,semantic|q03,semantic,q03,tutorial,How do I define a request body using a Pydantic model in FastAPI?,1305,e08b47b55d7237f38bcaba48c79a468a40b92e4f3120e968ae9ece999f5e8c2d,5,ollama,qwen2.5:3b,ollama,qwen2.5:3b,0.0,256,false,42,21855200,9972126900,9994142800,"[""tutorial/body-8"", ""tutorial/request-form-models-1"", ""tutorial/body-9"", ""tutorial/cookie-param-models-1"", ""tutorial/body-nested-models-0""]","[""index-31"", ""python-types-15"", ""tutorial/body-0"", ""tutorial/body-10"", ""tutorial/body-7"", ""tutorial/body-8"", ""tutorial/body-9"", ""tutorial/body-fields-0"", ""tutorial/body-multiple-params-3"", ""tutorial/body-multiple-params-5"", ""tutorial/body-nested-models-0"", ""tutorial/body-nested-models-14"", ""tutorial/body-nested-models-6"", ""tutorial/request-form-models-1""]","[""tutorial/body-8"", ""tutorial/request-form-models-1"", ""tutorial/body-9"", ""tutorial/body-nested-models-0""]",4,0.8,0.2857142857142857,true,1,4,"[""tutorial/request-form-models-1"", ""tutorial/body-9"", ""tutorial/cookie-param-models-1"", ""tutorial/body-nested-models-0""]",[],3,0.75,71,"You can define a request body using a Pydantic model in FastAPI by declaring the parameter as `Form`, `Cookie`, or a Pydantic model, depending on the type of parameter you want to use. [tutorial/request-form-models-1] demonstrates this for form fields. [tutorial/body-9] shows how to use a Pydantic model for a request body, path, and query parameters. [tutorial/cookie-param-models-1] and [tutorial/body-nested-models-0] also provide examples of using Pydantic models for cookies and nested models, respectively.","{""citation_count"": 4, ""citation_retry_count"": 1, ""citation_valid"": true, ""done_reason"": ""stop"", ""effective_max_tokens"": 256, ""eval_count"": 124, ""eval_duration"": 2195624000, ""invalid_citations"": [], ""load_duration"": 2775100, ""prompt_eval_count"": 1390, ""prompt_eval_duration"": 1195902000, ""requested_max_tokens"": 256, ""requested_seed"": 42, ""requested_temperature"": 0.0, ""thinking_enabled"": false, ""total_duration"": 3402211200, ""truncation_retries"": 0, ""valid_citations"": [""tutorial/request-form-models-1"", ""tutorial/body-9"", ""tutorial/cookie-param-models-1"", ""tutorial/body-nested-models-0""]}"
67797253ce57ea43fce43af34b004d4780e9f24c8a6a1e248500cb7761db1677,no_rag|q03,no_rag,q03,tutorial,How do I define a request body using a Pydantic model in FastAPI?,1305,e08b47b55d7237f38bcaba48c79a468a40b92e4f3120e968ae9ece999f5e8c2d,,ollama,qwen2.5:3b,ollama,qwen2.5:3b,0.0,256,false,42,,604645800,604645800,[],"[""index-31"", ""python-types-15"", ""tutorial/body-0"", ""tutorial/body-10"", ""tutorial/body-7"", ""tutorial/body-8"", ""tutorial/body-9"", ""tutorial/body-fields-0"", ""tutorial/body-multiple-params-3"", ""tutorial/body-multiple-params-5"", ""tutorial/body-nested-models-0"", ""tutorial/body-nested-models-14"", ""tutorial/body-nested-models-6"", ""tutorial/request-form-models-1""]",[],,,,,,,[],[],,,20,"Define a Pydantic model for the request body schema, then use the `Body` function in your endpoint's path operation definition.","{""done_reason"": ""stop"", ""eval_count"": 28, ""eval_duration"": 448484000, ""load_duration"": 2154000, ""prompt_eval_count"": 84, ""prompt_eval_duration"": 132463000, ""requested_max_tokens"": 256, ""requested_seed"": 42, ""requested_temperature"": 0.0, ""thinking_enabled"": false, ""total_duration"": 602966100}"
67797253ce57ea43fce43af34b004d4780e9f24c8a6a1e248500cb7761db1677,optimized|q03,optimized,q03,tutorial,How do I define a request body using a Pydantic model in FastAPI?,1305,e08b47b55d7237f38bcaba48c79a468a40b92e4f3120e968ae9ece999f5e8c2d,5,ollama,qwen2.5:3b,ollama,qwen2.5:3b,0.0,256,false,42,10628400,9443490400,9454239100,"[""tutorial/body-0"", ""reference/request-0"", ""tutorial/cookie-param-models-1"", ""advanced/response-directly-0"", ""tutorial/body-10""]","[""index-31"", ""python-types-15"", ""tutorial/body-0"", ""tutorial/body-10"", ""tutorial/body-7"", ""tutorial/body-8"", ""tutorial/body-9"", ""tutorial/body-fields-0"", ""tutorial/body-multiple-params-3"", ""tutorial/body-multiple-params-5"", ""tutorial/body-nested-models-0"", ""tutorial/body-nested-models-14"", ""tutorial/body-nested-models-6"", ""tutorial/request-form-models-1""]","[""tutorial/body-0"", ""tutorial/body-10""]",2,0.4,0.14285714285714285,true,1,1,"[""reference/request-0""]",[],0,0.0,44,You can define a request body using a Pydantic model in FastAPI by declaring the parameter in a *path operation function* or dependency as `Request` and then defining a Pydantic model for the request body. Refer to the documentation in [reference/request-0] for more details.,"{""citation_count"": 1, ""citation_retry_count"": 1, ""citation_valid"": true, ""done_reason"": ""stop"", ""effective_max_tokens"": 256, ""eval_count"": 61, ""eval_duration"": 1065882000, ""invalid_citations"": [], ""load_duration"": 1676400, ""prompt_eval_count"": 1492, ""prompt_eval_duration"": 1194803000, ""requested_max_tokens"": 256, ""requested_seed"": 42, ""requested_temperature"": 0.0, ""thinking_enabled"": false, ""total_duration"": 2271994600, ""truncation_retries"": 0, ""valid_citations"": [""reference/request-0""]}"
67797253ce57ea43fce43af34b004d4780e9f24c8a6a1e248500cb7761db1677,no_rag|q04,no_rag,q04,tutorial,How can I customize the response status code of a FastAPI endpoint?,1305,e08b47b55d7237f38bcaba48c79a468a40b92e4f3120e968ae9ece999f5e8c2d,,ollama,qwen2.5:3b,ollama,qwen2.5:3b,0.0,256,false,42,,582827800,582827800,[],"[""advanced/additional-responses-6"", ""advanced/additional-status-codes-0"", ""advanced/additional-status-codes-1"", ""advanced/additional-status-codes-2"", ""advanced/custom-response-4"", ""advanced/custom-response-8"", ""advanced/response-change-status-code-0"", ""advanced/response-change-status-code-1"", ""advanced/response-change-status-code-2"", ""advanced/response-cookies-1"", ""advanced/response-headers-1"", ""reference/response-0"", ""reference/status-0"", ""reference/status-1"", ""tutorial/path-operation-configuration-1"", ""tutorial/response-status-code-0"", ""tutorial/response-status-code-1"", ""tutorial/response-status-code-2"", ""tutorial/response-status-code-3"", ""tutorial/response-status-code-4""]",[],,,,,,,[],[],,,19,Use the `status_code` parameter in the `response_model` decorator or directly in the function to customize the response status code.,"{""done_reason"": ""stop"", ""eval_count"": 27, ""eval_duration"": 429023000, ""load_duration"": 2438800, ""prompt_eval_count"": 81, ""prompt_eval_duration"": 131924000, ""requested_max_tokens"": 256, ""requested_seed"": 42, ""requested_temperature"": 0.0, ""thinking_enabled"": false, ""total_duration"": 581487000}"
67797253ce57ea43fce43af34b004d4780e9f24c8a6a1e248500cb7761db1677,optimized|q04,optimized,q04,tutorial,How can I customize the response status code of a FastAPI endpoint?,1305,e08b47b55d7237f38bcaba48c79a468a40b92e4f3120e968ae9ece999f5e8c2d,5,ollama,qwen2.5:3b,ollama,qwen2.5:3b,0.0,256,false,42,10245000,10168608300,10178982800,"[""advanced/response-change-status-code-0"", ""tutorial/path-operation-configuration-1"", ""reference/status-0"", ""tutorial/response-status-code-0"", ""tutorial/response-status-code-3""]","[""advanced/additional-responses-6"", ""advanced/additional-status-codes-0"", ""advanced/additional-status-codes-1"", ""advanced/additional-status-codes-2"", ""advanced/custom-response-4"", ""advanced/custom-response-8"", ""advanced/response-change-status-code-0"", ""advanced/response-change-status-code-1"", ""advanced/response-change-status-code-2"", ""advanced/response-cookies-1"", ""advanced/response-headers-1"", ""reference/response-0"", ""reference/status-0"", ""reference/status-1"", ""tutorial/path-operation-configuration-1"", ""tutorial/response-status-code-0"", ""tutorial/response-status-code-1"", ""tutorial/response-status-code-2"", ""tutorial/response-status-code-3"", ""tutorial/response-status-code-4""]","[""advanced/response-change-status-code-0"", ""tutorial/path-operation-configuration-1"", ""reference/status-0"", ""tutorial/response-status-code-0"", ""tutorial/response-status-code-3""]",5,1.0,0.25,true,1,1,"[""reference/status-0""]",[],1,1.0,40,You can customize the response status code of a FastAPI endpoint by using the `status_code` parameter in the path operation function. This parameter can receive a number with the HTTP status code or an `IntEnum` such as Python's `http.HTTPStatus`. [reference/status-0],"{""citation_count"": 1, ""citation_retry_count"": 1, ""citation_valid"": true, ""done_reason"": ""stop"", ""effective_max_tokens"": 256, ""eval_count"": 59, ""eval_duration"": 1052767000, ""invalid_citations"": [], ""load_duration"": 2203700, ""prompt_eval_count"": 1609, ""prompt_eval_duration"": 1224527000, ""requested_max_tokens"": 256, ""requested_seed"": 42, ""requested_temperature"": 0.0, ""thinking_enabled"": false, ""total_duration"": 2289010600, ""truncation_retries"": 0, ""valid_citations"": [""reference/status-0""]}"
67797253ce57ea43fce43af34b004d4780e9f24c8a6a1e248500cb7761db1677,semantic|q04,semantic,q04,tutorial,How can I customize the response status code of a FastAPI endpoint?,1305,e08b47b55d7237f38bcaba48c79a468a40b92e4f3120e968ae9ece999f5e8c2d,5,ollama,qwen2.5:3b,ollama,qwen2.5:3b,0.0,256,false,42,20032100,10138063700,10158251000,"[""advanced/additional-status-codes-0"", ""tutorial/path-operation-configuration-1"", ""tutorial/response-status-code-0"", ""advanced/response-change-status-code-2"", ""advanced/additional-status-codes-1""]","[""advanced/additional-responses-6"", ""advanced/additional-status-codes-0"", ""advanced/additional-status-codes-1"", ""advanced/additional-status-codes-2"", ""advanced/custom-response-4"", ""advanced/custom-response-8"", ""advanced/response-change-status-code-0"", ""advanced/response-change-status-code-1"", ""advanced/response-change-status-code-2"", ""advanced/response-cookies-1"", ""advanced/response-headers-1"", ""reference/response-0"", ""reference/status-0"", ""reference/status-1"", ""tutorial/path-operation-configuration-1"", ""tutorial/response-status-code-0"", ""tutorial/response-status-code-1"", ""tutorial/response-status-code-2"", ""tutorial/response-status-code-3"", ""tutorial/response-status-code-4""]","[""advanced/additional-status-codes-0"", ""tutorial/path-operation-configuration-1"", ""tutorial/response-status-code-0"", ""advanced/response-change-status-code-2"", ""advanced/additional-status-codes-1""]",5,1.0,0.25,true,1,1,"[""advanced/response-change-status-code-2""]",[],1,1.0,35,You can customize the response status code of a FastAPI endpoint by either setting the `status_code` parameter in your *path operation function* or by returning a `Response` object directly and setting the `status_code` directly. [advanced/response-change-status-code-2],"{""citation_count"": 1, ""citation_retry_count"": 1, ""citation_valid"": true, ""done_reason"": ""stop"", ""effective_max_tokens"": 256, ""eval_count"": 56, ""eval_duration"": 1017093000, ""invalid_citations"": [], ""load_duration"": 2092300, ""prompt_eval_count"": 1813, ""prompt_eval_duration"": 1249826000, ""requested_max_tokens"": 256, ""requested_seed"": 42, ""requested_temperature"": 0.0, ""thinking_enabled"": false, ""total_duration"": 2284195300, ""truncation_retries"": 0, ""valid_citations"": [""advanced/response-change-status-code-2""]}"
67797253ce57ea43fce43af34b004d4780e9f24c8a6a1e248500cb7761db1677,optimized|q05,optimized,q05,tutorial,How should I handle errors and raise HTTP exceptions in FastAPI?,1305,e08b47b55d7237f38bcaba48c79a468a40b92e4f3120e968ae9ece999f5e8c2d,5,ollama,qwen2.5:3b,ollama,qwen2.5:3b,0.0,256,false,42,10712700,8733927300,8744779700,"[""tutorial/dependencies/dependencies-in-path-operation-decorators-4"", ""reference/exceptions-0"", ""tutorial/dependencies/dependencies-with-yield-7"", ""tutorial/dependencies/dependencies-with-yield-5"", ""tutorial/dependencies/dependencies-in-path-operation-decorators-2""]","[""advanced/advanced-dependencies-11"", ""advanced/advanced-dependencies-6"", ""reference/exceptions-0"", ""tutorial/dependencies/dependencies-in-path-operation-decorators-4"", ""tutorial/dependencies/dependencies-with-yield-5"", ""tutorial/dependencies/dependencies-with-yield-6"", ""tutorial/dependencies/dependencies-with-yield-7"", ""tutorial/dependencies/dependencies-with-yield-8"", ""tutorial/handling-errors-0"", ""tutorial/handling-errors-1"", ""tutorial/handling-errors-11"", ""tutorial/handling-errors-12"", ""tutorial/handling-errors-3"", ""tutorial/handling-errors-4"", ""tutorial/handling-errors-6"", ""tutorial/handling-errors-7"", ""tutorial/handling-errors-8"", ""tutorial/handling-errors-9""]","[""tutorial/dependencies/dependencies-in-path-operation-decorators-4"", ""reference/exceptions-0"", ""tutorial/dependencies/dependencies-with-yield-7"", ""tutorial/dependencies/dependencies-with-yield-5""]",4,0.8,0.2222222222222222,true,1,1,"[""tutorial/dependencies/dependencies-with-yield-7""]",[],1,1.0,55,You can use the same dependency functions you use normally and raise HTTP exceptions like `HTTPException` from anywhere in your code to abort a request and show the error to the client. HTTP exceptions can be imported directly from `fastapi` and you should re-raise the original exception if caught in a dependency with `yield`. [tutorial/dependencies/dependencies-with-yield-7],"{""citation_count"": 1, ""citation_retry_count"": 1, ""citation_valid"": true, ""done_reason"": ""stop"", ""effective_max_tokens"": 256, ""eval_count"": 78, ""eval_duration"": 1354988000, ""invalid_citations"": [], ""load_duration"": 2277900, ""prompt_eval_count"": 1440, ""prompt_eval_duration"": 1361947000, ""requested_max_tokens"": 256, ""requested_seed"": 42, ""requested_temperature"": 0.0, ""thinking_enabled"": false, ""total_duration"": 2729145200, ""truncation_retries"": 0, ""valid_citations"": [""tutorial/dependencies/dependencies-with-yield-7""]}"
67797253ce57ea43fce43af34b004d4780e9f24c8a6a1e248500cb7761db1677,semantic|q05,semantic,q05,tutorial,How should I handle errors and raise HTTP exceptions in FastAPI?,1305,e08b47b55d7237f38bcaba48c79a468a40b92e4f3120e968ae9ece999f5e8c2d,5,ollama,qwen2.5:3b,ollama,qwen2.5:3b,0.0,256,false,42,18355100,8567527800,8586019100,"[""tutorial/handling-errors-9"", ""tutorial/handling-errors-8"", ""deployment/concepts-14"", ""tutorial/handling-errors-7"", ""reference/exceptions-0""]","[""advanced/advanced-dependencies-11"", ""advanced/advanced-dependencies-6"", ""reference/exceptions-0"", ""tutorial/dependencies/dependencies-in-path-operation-decorators-4"", ""tutorial/dependencies/dependencies-with-yield-5"", ""tutorial/dependencies/dependencies-with-yield-6"", ""tutorial/dependencies/dependencies-with-yield-7"", ""tutorial/dependencies/dependencies-with-yield-8"", ""tutorial/handling-errors-0"", ""tutorial/handling-errors-1"", ""tutorial/handling-errors-11"", ""tutorial/handling-errors-12"", ""tutorial/handling-errors-3"", ""tutorial/handling-errors-4"", ""tutorial/handling-errors-6"", ""tutorial/handling-errors-7"", ""tutorial/handling-errors-8"", ""tutorial/handling-errors-9""]","[""tutorial/handling-errors-9"", ""tutorial/handling-errors-8"", ""tutorial/handling-errors-7"", ""reference/exceptions-0""]",4,0.8,0.2222222222222222,true,1,1,"[""tutorial/handling-errors-9""]",[],1,1.0,44,"To handle errors and raise HTTP exceptions in FastAPI, you can override the default exception handlers by importing and using `HTTPException` from `fastapi`. This allows you to customize the error responses, such as returning plain text responses instead of JSON for certain errors. [tutorial/handling-errors-9]","{""citation_count"": 1, ""citation_retry_count"": 1, ""citation_valid"": true, ""done_reason"": ""stop"", ""effective_max_tokens"": 256, ""eval_count"": 63, ""eval_duration"": 1118409000, ""invalid_citations"": [], ""load_duration"": 2323400, ""prompt_eval_count"": 1513, ""prompt_eval_duration"": 1196839000, ""requested_max_tokens"": 256, ""requested_seed"": 42, ""requested_temperature"": 0.0, ""thinking_enabled"": false, ""total_duration"": 2327600900, ""truncation_retries"": 0, ""valid_citations"": [""tutorial/handling-errors-9""]}"
67797253ce57ea43fce43af34b004d4780e9f24c8a6a1e248500cb7761db1677,no_rag|q05,no_rag,q05,tutorial,How should I handle errors and raise HTTP exceptions in FastAPI?,1305,e08b47b55d7237f38bcaba48c79a468a40b92e4f3120e968ae9ece999f5e8c2d,,ollama,qwen2.5:3b,ollama,qwen2.5:3b,0.0,256,false,42,,571362900,571362900,[],"[""advanced/advanced-dependencies-11"", ""advanced/advanced-dependencies-6"", ""reference/exceptions-0"", ""tutorial/dependencies/dependencies-in-path-operation-decorators-4"", ""tutorial/dependencies/dependencies-with-yield-5"", ""tutorial/dependencies/dependencies-with-yield-6"", ""tutorial/dependencies/dependencies-with-yield-7"", ""tutorial/dependencies/dependencies-with-yield-8"", ""tutorial/handling-errors-0"", ""tutorial/handling-errors-1"", ""tutorial/handling-errors-11"", ""tutorial/handling-errors-12"", ""tutorial/handling-errors-3"", ""tutorial/handling-errors-4"", ""tutorial/handling-errors-6"", ""tutorial/handling-errors-7"", ""tutorial/handling-errors-8"", ""tutorial/handling-errors-9""]",[],,,,,,,[],[],,,19,"Use the `raise_from_exception` decorator to propagate exceptions as HTTP errors, and define exception handlers in the API route definitions.","{""done_reason"": ""stop"", ""eval_count"": 26, ""eval_duration"": 415515000, ""load_duration"": 1600900, ""prompt_eval_count"": 80, ""prompt_eval_duration"": 130211000, ""requested_max_tokens"": 256, ""requested_seed"": 42, ""requested_temperature"": 0.0, ""thinking_enabled"": false, ""total_duration"": 569432700}"
67797253ce57ea43fce43af34b004d4780e9f24c8a6a1e248500cb7761db1677,semantic|q06,semantic,q06,dependencies,How do I declare a reusable dependency with Depends in FastAPI?,1305,e08b47b55d7237f38bcaba48c79a468a40b92e4f3120e968ae9ece999f5e8c2d,5,ollama,qwen2.5:3b,ollama,qwen2.5:3b,0.0,256,false,42,19587000,11858593200,11878294200,"[""reference/dependencies-1"", ""tutorial/dependencies/index-5"", ""index-42"", ""tutorial/dependencies/sub-dependencies-4"", ""advanced/advanced-dependencies-5""]","[""advanced/advanced-dependencies-5"", ""features-9"", ""reference/dependencies-0"", ""reference/dependencies-1"", ""tutorial/dependencies/classes-as-dependencies-3"", ""tutorial/dependencies/classes-as-dependencies-5"", ""tutorial/dependencies/classes-as-dependencies-9"", ""tutorial/dependencies/index-3"", ""tutorial/dependencies/index-4"", ""tutorial/dependencies/index-5"", ""tutorial/dependencies/index-6"", ""tutorial/dependencies/sub-dependencies-1"", ""tutorial/dependencies/sub-dependencies-2"", ""tutorial/dependencies/sub-dependencies-3"", ""tutorial/dependencies/sub-dependencies-4"", ""tutorial/security/first-steps-10"", ""tutorial/security/get-current-user-2"", ""tutorial/security/get-current-user-4""]","[""reference/dependencies-1"", ""tutorial/dependencies/index-5"", ""tutorial/dependencies/sub-dependencies-4"", ""advanced/advanced-dependencies-5""]",4,0.8,0.2222222222222222,true,1,1,"[""reference/dependencies-1""]",[],1,1.0,65,"The `Depends()` function in FastAPI can be used to declare a reusable dependency. You pass a callable as a parameter to `Depends()`, and this callable is used to create the dependency. The callable is not called directly with `Depends()`, but rather the callable itself is passed as a parameter. This way, you can use the same dependency multiple times for the same path operation. [reference/dependencies-1]","{""citation_count"": 1, ""citation_retry_count"": 1, ""citation_valid"": true, ""done_reason"": ""stop"", ""effective_max_tokens"": 256, ""eval_count"": 89, ""eval_duration"": 1587228000, ""invalid_citations"": [], ""load_duration"": 1720400, ""prompt_eval_count"": 1717, ""prompt_eval_duration"": 1223808000, ""requested_max_tokens"": 256, ""requested_seed"": 42, ""requested_temperature"": 0.0, ""thinking_enabled"": false, ""total_duration"": 2825361300, ""truncation_retries"": 0, ""valid_citations"": [""reference/dependencies-1""]}"
67797253ce57ea43fce43af34b004d4780e9f24c8a6a1e248500cb7761db1677,no_rag|q06,no_rag,q06,dependencies,How do I declare a reusable dependency with Depends in FastAPI?,1305,e08b47b55d7237f38bcaba48c79a468a40b92e4f3120e968ae9ece999f5e8c2d,,ollama,qwen2.5:3b,ollama,qwen2.5:3b,0.0,256,false,42,,548513200,548513200,[],"[""advanced/advanced-dependencies-5"", ""features-9"", ""reference/dependencies-0"", ""reference/dependencies-1"", ""tutorial/dependencies/classes-as-dependencies-3"", ""tutorial/dependencies/classes-as-dependencies-5"", ""tutorial/dependencies/classes-as-dependencies-9"", ""tutorial/dependencies/index-3"", ""tutorial/dependencies/index-4"", ""tutorial/dependencies/index-5"", ""tutorial/dependencies/index-6"", ""tutorial/dependencies/sub-dependencies-1"", ""tutorial/dependencies/sub-dependencies-2"", ""tutorial/dependencies/sub-dependencies-3"", ""tutorial/dependencies/sub-dependencies-4"", ""tutorial/security/first-steps-10"", ""tutorial/security/get-current-user-2"", ""tutorial/security/get-current-user-4""]",[],,,,,,,[],[],,,16,"Define the dependency function, annotate it with `Depends`, and use it in route functions with `Depends`.","{""done_reason"": ""stop"", ""eval_count"": 24, ""eval_duration"": 392527000, ""load_duration"": 2220600, ""prompt_eval_count"": 80, ""prompt_eval_duration"": 130550999, ""requested_max_tokens"": 256, ""requested_seed"": 42, ""requested_temperature"": 0.0, ""thinking_enabled"": false, ""total_duration"": 546391100}"
67797253ce57ea43fce43af34b004d4780e9f24c8a6a1e248500cb7761db1677,optimized|q06,optimized,q06,dependencies,How do I declare a reusable dependency with Depends in FastAPI?,1305,e08b47b55d7237f38bcaba48c79a468a40b92e4f3120e968ae9ece999f5e8c2d,5,ollama,qwen2.5:3b,ollama,qwen2.5:3b,0.0,256,false,42,9757300,9611303500,9621179100,"[""reference/dependencies-1"", ""reference/dependencies-0"", ""tutorial/dependencies/index-4"", ""advanced/security/oauth2-scopes-5"", ""tutorial/dependencies/index-5""]","[""advanced/advanced-dependencies-5"", ""features-9"", ""reference/dependencies-0"", ""reference/dependencies-1"", ""tutorial/dependencies/classes-as-dependencies-3"", ""tutorial/dependencies/classes-as-dependencies-5"", ""tutorial/dependencies/classes-as-dependencies-9"", ""tutorial/dependencies/index-3"", ""tutorial/dependencies/index-4"", ""tutorial/dependencies/index-5"", ""tutorial/dependencies/index-6"", ""tutorial/dependencies/sub-dependencies-1"", ""tutorial/dependencies/sub-dependencies-2"", ""tutorial/dependencies/sub-dependencies-3"", ""tutorial/dependencies/sub-dependencies-4"", ""tutorial/security/first-steps-10"", ""tutorial/security/get-current-user-2"", ""tutorial/security/get-current-user-4""]","[""reference/dependencies-1"", ""reference/dependencies-0"", ""tutorial/dependencies/index-4"", ""tutorial/dependencies/index-5""]",4,0.8,0.2222222222222222,true,1,1,"[""tutorial/dependencies/index-5""]",[],1,1.0,32,"The `Depends()` function in FastAPI can be used to declare a reusable dependency, as shown in the tutorial where a dependency function `get_current_active_user` is used with `Depends` to declare a sub-dependency. [tutorial/dependencies/index-5]","{""citation_count"": 1, ""citation_retry_count"": 1, ""citation_valid"": true, ""done_reason"": ""stop"", ""effective_max_tokens"": 256, ""eval_count"": 56, ""eval_duration"": 1000594000, ""invalid_citations"": [], ""load_duration"": 2394600, ""prompt_eval_count"": 1521, ""prompt_eval_duration"": 1195855000, ""requested_max_tokens"": 256, ""requested_seed"": 42, ""requested_temperature"": 0.0, ""thinking_enabled"": false, ""total_duration"": 2210345900, ""truncation_retries"": 0, ""valid_citations"": [""tutorial/dependencies/index-5""]}"
67797253ce57ea43fce43af34b004d4780e9f24c8a6a1e248500cb7761db1677,no_rag|q07,no_rag,q07,dependencies,How can one FastAPI dependency depend on another dependency?,1305,e08b47b55d7237f38bcaba48c79a468a40b92e4f3120e968ae9ece999f5e8c2d,,ollama,qwen2.5:3b,ollama,qwen2.5:3b,0.0,256,false,42,,456350000,456350000,[],"[""advanced/security/oauth2-scopes-11"", ""advanced/security/oauth2-scopes-5"", ""features-9"", ""tutorial/background-tasks-4"", ""tutorial/dependencies/classes-as-dependencies-3"", ""tutorial/dependencies/dependencies-in-path-operation-decorators-3"", ""tutorial/dependencies/dependencies-with-yield-3"", ""tutorial/dependencies/dependencies-with-yield-4"", ""tutorial/dependencies/sub-dependencies-0"", ""tutorial/dependencies/sub-dependencies-1"", ""tutorial/dependencies/sub-dependencies-2"", ""tutorial/dependencies/sub-dependencies-3"", ""tutorial/dependencies/sub-dependencies-4"", ""tutorial/security/get-current-user-2""]",[],,,,,,,[],[],,,18,"Create a dependency function that depends on another, and use the outer dependency function in the inner one.","{""done_reason"": ""stop"", ""eval_count"": 21, ""eval_duration"": 339342000, ""load_duration"": 1706300, ""prompt_eval_count"": 78, ""prompt_eval_duration"": 96973000, ""requested_max_tokens"": 256, ""requested_seed"": 42, ""requested_temperature"": 0.0, ""thinking_enabled"": false, ""total_duration"": 454148900}"
67797253ce57ea43fce43af34b004d4780e9f24c8a6a1e248500cb7761db1677,optimized|q07,optimized,q07,dependencies,How can one FastAPI dependency depend on another dependency?,1305,e08b47b55d7237f38bcaba48c79a468a40b92e4f3120e968ae9ece999f5e8c2d,5,ollama,qwen2.5:3b,ollama,qwen2.5:3b,0.0,256,false,42,14257000,10760538600,10775040100,"[""tutorial/dependencies/dependencies-with-yield-2"", ""tutorial/dependencies/sub-dependencies-2"", ""tutorial/security/get-current-user-2"", ""advanced/testing-dependencies-3"", ""tutorial/background-tasks-4""]","[""advanced/security/oauth2-scopes-11"", ""advanced/security/oauth2-scopes-5"", ""features-9"", ""tutorial/background-tasks-4"", ""tutorial/dependencies/classes-as-dependencies-3"", ""tutorial/dependencies/dependencies-in-path-operation-decorators-3"", ""tutorial/dependencies/dependencies-with-yield-3"", ""tutorial/dependencies/dependencies-with-yield-4"", ""tutorial/dependencies/sub-dependencies-0"", ""tutorial/dependencies/sub-dependencies-1"", ""tutorial/dependencies/sub-dependencies-2"", ""tutorial/dependencies/sub-dependencies-3"", ""tutorial/dependencies/sub-dependencies-4"", ""tutorial/security/get-current-user-2""]","[""tutorial/dependencies/sub-dependencies-2"", ""tutorial/security/get-current-user-2"", ""tutorial/background-tasks-4""]",3,0.6,0.21428571428571427,true,1,1,"[""tutorial/security/get-current-user-2""]",[],1,1.0,28,"A dependency can depend on another dependency by declaring the other dependency as a parameter, as shown in the example where `get_current_user` depends on the `oauth2_scheme` dependency. [tutorial/security/get-current-user-2]","{""citation_count"": 1, ""citation_retry_count"": 1, ""citation_valid"": true, ""done_reason"": ""stop"", ""effective_max_tokens"": 256, ""eval_count"": 47, ""eval_duration"": 886432000, ""invalid_citations"": [], ""load_duration"": 2636200, ""prompt_eval_count"": 1759, ""prompt_eval_duration"": 1225558000, ""requested_max_tokens"": 256, ""requested_seed"": 42, ""requested_temperature"": 0.0, ""thinking_enabled"": false, ""total_duration"": 2128500500, ""truncation_retries"": 0, ""valid_citations"": [""tutorial/security/get-current-user-2""]}"
67797253ce57ea43fce43af34b004d4780e9f24c8a6a1e248500cb7761db1677,semantic|q07,semantic,q07,dependencies,How can one FastAPI dependency depend on another dependency?,1305,e08b47b55d7237f38bcaba48c79a468a40b92e4f3120e968ae9ece999f5e8c2d,5,ollama,qwen2.5:3b,ollama,qwen2.5:3b,0.0,256,false,42,27734900,5988398600,6016301500,"[""index-42"", ""reference/dependencies-1"", ""tutorial/dependencies/sub-dependencies-0"", ""tutorial/dependencies/sub-dependencies-3"", ""tutorial/dependencies/index-0""]","[""advanced/security/oauth2-scopes-11"", ""advanced/security/oauth2-scopes-5"", ""features-9"", ""tutorial/background-tasks-4"", ""tutorial/dependencies/classes-as-dependencies-3"", ""tutorial/dependencies/dependencies-in-path-operation-decorators-3"", ""tutorial/dependencies/dependencies-with-yield-3"", ""tutorial/dependencies/dependencies-with-yield-4"", ""tutorial/dependencies/sub-dependencies-0"", ""tutorial/dependencies/sub-dependencies-1"", ""tutorial/dependencies/sub-dependencies-2"", ""tutorial/dependencies/sub-dependencies-3"", ""tutorial/dependencies/sub-dependencies-4"", ""tutorial/security/get-current-user-2""]","[""tutorial/dependencies/sub-dependencies-0"", ""tutorial/dependencies/sub-dependencies-3""]",2,0.4,0.14285714285714285,true,1,1,"[""tutorial/dependencies/sub-dependencies-3""]",[],1,1.0,28,"You can create dependencies that have sub-dependencies by using the `Depends()` function, as demonstrated in the tutorial where `query_extractor` is a sub-dependency of `query_or_cookie_extractor`, as shown in [tutorial/dependencies/sub-dependencies-3].","{""citation_count"": 1, ""citation_retry_count"": 1, ""citation_valid"": true, ""done_reason"": ""stop"", ""effective_max_tokens"": 256, ""eval_count"": 54, ""eval_duration"": 984397000, ""invalid_citations"": [], ""load_duration"": 2704900, ""prompt_eval_count"": 1064, ""prompt_eval_duration"": 1170826000, ""requested_max_tokens"": 256, ""requested_seed"": 42, ""requested_temperature"": 0.0, ""thinking_enabled"": false, ""total_duration"": 2171238700, ""truncation_retries"": 0, ""valid_citations"": [""tutorial/dependencies/sub-dependencies-3""]}"
67797253ce57ea43fce43af34b004d4780e9f24c8a6a1e248500cb7761db1677,optimized|q08,optimized,q08,dependencies,How do I add dependencies to a path operation decorator when I do not need their return values?,1305,e08b47b55d7237f38bcaba48c79a468a40b92e4f3120e968ae9ece999f5e8c2d,5,ollama,qwen2.5:3b,ollama,qwen2.5:3b,0.0,256,false,42,14439900,8709030000,8723614500,"[""tutorial/dependencies/dependencies-in-path-operation-decorators-0"", ""tutorial/dependencies/dependencies-in-path-operation-decorators-1"", ""advanced/security/oauth2-scopes-17"", ""tutorial/path-operation-configuration-0"", ""tutorial/first-steps-26""]","[""advanced/security/oauth2-scopes-17"", ""tutorial/bigger-applications-9"", ""tutorial/dependencies/dependencies-in-path-operation-decorators-0"", ""tutorial/dependencies/dependencies-in-path-operation-decorators-1"", ""tutorial/dependencies/dependencies-in-path-operation-decorators-2"", ""tutorial/dependencies/dependencies-in-path-operation-decorators-5""]","[""tutorial/dependencies/dependencies-in-path-operation-decorators-0"", ""tutorial/dependencies/dependencies-in-path-operation-decorators-1"", ""advanced/security/oauth2-scopes-17""]",3,0.6,0.5,true,1,1,"[""tutorial/dependencies/dependencies-in-path-operation-decorators-0""]",[],1,1.0,24,The `dependencies` parameter can be added to the *path operation decorator* to execute dependencies without passing their values to the *path operation function* [tutorial/dependencies/dependencies-in-path-operation-decorators-0].,"{""citation_count"": 1, ""citation_retry_count"": 1, ""citation_valid"": true, ""done_reason"": ""stop"", ""effective_max_tokens"": 256, ""eval_count"": 45, ""eval_duration"": 833715000, ""invalid_citations"": [], ""load_duration"": 3163700, ""prompt_eval_count"": 1611, ""prompt_eval_duration"": 1394669000, ""requested_max_tokens"": 256, ""requested_seed"": 42, ""requested_temperature"": 0.0, ""thinking_enabled"": false, ""total_duration"": 2244330000, ""truncation_retries"": 0, ""valid_citations"": [""tutorial/dependencies/dependencies-in-path-operation-decorators-0""]}"
67797253ce57ea43fce43af34b004d4780e9f24c8a6a1e248500cb7761db1677,semantic|q08,semantic,q08,dependencies,How do I add dependencies to a path operation decorator when I do not need their return values?,1305,e08b47b55d7237f38bcaba48c79a468a40b92e4f3120e968ae9ece999f5e8c2d,5,ollama,qwen2.5:3b,ollama,qwen2.5:3b,0.0,256,false,42,29310000,10351983000,10381466200,"[""tutorial/dependencies/dependencies-in-path-operation-decorators-1"", ""tutorial/dependencies/dependencies-in-path-operation-decorators-0"", ""tutorial/dependencies/index-3"", ""tutorial/bigger-applications-9"", ""tutorial/dependencies/global-dependencies-0""]","[""advanced/security/oauth2-scopes-17"", ""tutorial/bigger-applications-9"", ""tutorial/dependencies/dependencies-in-path-operation-decorators-0"", ""tutorial/dependencies/dependencies-in-path-operation-decorators-1"", ""tutorial/dependencies/dependencies-in-path-operation-decorators-2"", ""tutorial/dependencies/dependencies-in-path-operation-decorators-5""]","[""tutorial/dependencies/dependencies-in-path-operation-decorators-1"", ""tutorial/dependencies/dependencies-in-path-operation-decorators-0"", ""tutorial/bigger-applications-9""]",3,0.6,0.5,true,1,2,"[""tutorial/dependencies/dependencies-in-path-operation-decorators-1"", ""tutorial/dependencies/dependencies-in-path-operation-decorators-0""]",[],2,1.0,24,"You can add dependencies to a path operation decorator by including a list of `Depends()` in the decorator, as described in [tutorial/dependencies/dependencies-in-path-operation-decorators-1] and [tutorial/dependencies/dependencies-in-path-operation-decorators-0].","{""citation_count"": 2, ""citation_retry_count"": 1, ""citation_valid"": true, ""done_reason"": ""stop"", ""effective_max_tokens"": 256, ""eval_count"": 57, ""eval_duration"": 1014630000, ""invalid_citations"": [], ""load_duration"": 2150800, ""prompt_eval_count"": 1927, ""prompt_eval_duration"": 1250776000, ""requested_max_tokens"": 256, ""requested_seed"": 42, ""requested_temperature"": 0.0, ""thinking_enabled"": false, ""total_duration"": 2283446100, ""truncation_retries"": 0, ""valid_citations"": [""tutorial/dependencies/dependencies-in-path-operation-decorators-1"", ""tutorial/dependencies/dependencies-in-path-operation-decorators-0""]}"
67797253ce57ea43fce43af34b004d4780e9f24c8a6a1e248500cb7761db1677,no_rag|q08,no_rag,q08,dependencies,How do I add dependencies to a path operation decorator when I do not need their return values?,1305,e08b47b55d7237f38bcaba48c79a468a40b92e4f3120e968ae9ece999f5e8c2d,,ollama,qwen2.5:3b,ollama,qwen2.5:3b,0.0,256,false,42,,505087500,505087500,[],"[""advanced/security/oauth2-scopes-17"", ""tutorial/bigger-applications-9"", ""tutorial/dependencies/dependencies-in-path-operation-decorators-0"", ""tutorial/dependencies/dependencies-in-path-operation-decorators-1"", ""tutorial/dependencies/dependencies-in-path-operation-decorators-2"", ""tutorial/dependencies/dependencies-in-path-operation-decorators-5""]",[],,,,,,,[],[],,,16,Use the `Depends` function to inject dependencies without requiring them in the path operation's return type.,"{""done_reason"": ""stop"", ""eval_count"": 22, ""eval_duration"": 347100000, ""load_duration"": 1621300, ""prompt_eval_count"": 86, ""prompt_eval_duration"": 132496000, ""requested_max_tokens"": 256, ""requested_seed"": 42, ""requested_temperature"": 0.0, ""thinking_enabled"": false, ""total_duration"": 503125500}"
67797253ce57ea43fce43af34b004d4780e9f24c8a6a1e248500cb7761db1677,semantic|q09,semantic,q09,dependencies,How can I apply a dependency to every path operation in a FastAPI application?,1305,e08b47b55d7237f38bcaba48c79a468a40b92e4f3120e968ae9ece999f5e8c2d,5,ollama,qwen2.5:3b,ollama,qwen2.5:3b,0.0,256,false,42,20500500,10540378300,10561070200,"[""tutorial/dependencies/dependencies-in-path-operation-decorators-7"", ""tutorial/dependencies/index-10"", ""tutorial/dependencies/index-3"", ""tutorial/dependencies/global-dependencies-0"", ""tutorial/bigger-applications-23""]","[""tutorial/bigger-applications-16"", ""tutorial/dependencies/dependencies-in-path-operation-decorators-0"", ""tutorial/dependencies/dependencies-in-path-operation-decorators-7"", ""tutorial/dependencies/global-dependencies-0""]","[""tutorial/dependencies/dependencies-in-path-operation-decorators-7"", ""tutorial/dependencies/global-dependencies-0""]",2,0.4,0.5,true,1,1,"[""tutorial/dependencies/dependencies-in-path-operation-decorators-7""]",[],1,1.0,34,"You can apply a dependency to every path operation in a FastAPI application by adding the dependency to the `FastAPI` application itself, similar to how you add `dependencies` to the *path operation decorators* [tutorial/dependencies/dependencies-in-path-operation-decorators-7].","{""citation_count"": 1, ""citation_retry_count"": 1, ""citation_valid"": true, ""done_reason"": ""stop"", ""effective_max_tokens"": 256, ""eval_count"": 58, ""eval_duration"": 1007161000, ""invalid_citations"": [], ""load_duration"": 2724700, ""prompt_eval_count"": 1685, ""prompt_eval_duration"": 1223313000, ""requested_max_tokens"": 256, ""requested_seed"": 42, ""requested_temperature"": 0.0, ""thinking_enabled"": false, ""total_duration"": 2243792400, ""truncation_retries"": 0, ""valid_citations"": [""tutorial/dependencies/dependencies-in-path-operation-decorators-7""]}"
67797253ce57ea43fce43af34b004d4780e9f24c8a6a1e248500cb7761db1677,no_rag|q09,no_rag,q09,dependencies,How can I apply a dependency to every path operation in a FastAPI application?,1305,e08b47b55d7237f38bcaba48c79a468a40b92e4f3120e968ae9ece999f5e8c2d,,ollama,qwen2.5:3b,ollama,qwen2.5:3b,0.0,256,false,42,,469441400,469441400,[],"[""tutorial/bigger-applications-16"", ""tutorial/dependencies/dependencies-in-path-operation-decorators-0"", ""tutorial/dependencies/dependencies-in-path-operation-decorators-7"", ""tutorial/dependencies/global-dependencies-0""]",[],,,,,,,[],[],,,16,Use the `dependencies` parameter in the route decorator to apply a dependency to every path operation.,"{""done_reason"": ""stop"", ""eval_count"": 20, ""eval_duration"": 312557000, ""load_duration"": 1615300, ""prompt_eval_count"": 83, ""prompt_eval_duration"": 131747000, ""requested_max_tokens"": 256, ""requested_seed"": 42, ""requested_temperature"": 0.0, ""thinking_enabled"": false, ""total_duration"": 467435400}"
67797253ce57ea43fce43af34b004d4780e9f24c8a6a1e248500cb7761db1677,optimized|q09,optimized,q09,dependencies,How can I apply a dependency to every path operation in a FastAPI application?,1305,e08b47b55d7237f38bcaba48c79a468a40b92e4f3120e968ae9ece999f5e8c2d,5,ollama,qwen2.5:3b,ollama,qwen2.5:3b,0.0,256,false,42,10081700,8702317600,8712636900,"[""tutorial/dependencies/dependencies-in-path-operation-decorators-7"", ""tutorial/dependencies/dependencies-in-path-operation-decorators-0"", ""tutorial/dependencies/global-dependencies-0"", ""tutorial/background-tasks-4"", ""advanced/security/oauth2-scopes-13""]","[""tutorial/bigger-applications-16"", ""tutorial/dependencies/dependencies-in-path-operation-decorators-0"", ""tutorial/dependencies/dependencies-in-path-operation-decorators-7"", ""tutorial/dependencies/global-dependencies-0""]","[""tutorial/dependencies/dependencies-in-path-operation-decorators-7"", ""tutorial/dependencies/dependencies-in-path-operation-decorators-0"", ""tutorial/dependencies/global-dependencies-0""]",3,0.6,0.75,true,1,1,"[""tutorial/dependencies/dependencies-in-path-operation-decorators-0""]",[],1,1.0,35,"For applying a dependency to every path operation in a FastAPI application, you can add a list of dependencies to the `FastAPI` application itself, similar to how you add dependencies to path operation decorators [tutorial/dependencies/dependencies-in-path-operation-decorators-0].","{""citation_count"": 1, ""citation_retry_count"": 1, ""citation_valid"": true, ""done_reason"": ""stop"", ""effective_max_tokens"": 256, ""eval_count"": 56, ""eval_duration"": 984258000, ""invalid_citations"": [], ""load_duration"": 2903200, ""prompt_eval_count"": 1369, ""prompt_eval_duration"": 1358161000, ""requested_max_tokens"": 256, ""requested_seed"": 42, ""requested_temperature"": 0.0, ""thinking_enabled"": false, ""total_duration"": 2354419600, ""truncation_retries"": 0, ""valid_citations"": [""tutorial/dependencies/dependencies-in-path-operation-decorators-0""]}"
67797253ce57ea43fce43af34b004d4780e9f24c8a6a1e248500cb7761db1677,no_rag|q10,no_rag,q10,security,How do I implement OAuth2 password authentication with bearer tokens in FastAPI?,1305,e08b47b55d7237f38bcaba48c79a468a40b92e4f3120e968ae9ece999f5e8c2d,,ollama,qwen2.5:3b,ollama,qwen2.5:3b,0.0,256,false,42,,557478500,557478500,[],"[""advanced/security/oauth2-scopes-16"", ""reference/security/index-4"", ""reference/security/index-5"", ""tutorial/security/first-steps-0"", ""tutorial/security/first-steps-10"", ""tutorial/security/first-steps-5"", ""tutorial/security/first-steps-6"", ""tutorial/security/first-steps-7"", ""tutorial/security/index-2"", ""tutorial/security/index-6"", ""tutorial/security/oauth2-jwt-0"", ""tutorial/security/oauth2-jwt-14"", ""tutorial/security/simple-oauth2-0"", ""tutorial/security/simple-oauth2-1"", ""tutorial/security/simple-oauth2-11"", ""tutorial/security/simple-oauth2-17"", ""tutorial/security/simple-oauth2-4"", ""tutorial/security/simple-oauth2-5""]",[],,,,,,,[],[],,,19,"Define a user model, create a password hashing function, and use PyJWT for token generation in your FastAPI route.","{""done_reason"": ""stop"", ""eval_count"": 25, ""eval_duration"": 400977000, ""load_duration"": 2662100, ""prompt_eval_count"": 82, ""prompt_eval_duration"": 132702000, ""requested_max_tokens"": 256, ""requested_seed"": 42, ""requested_temperature"": 0.0, ""thinking_enabled"": false, ""total_duration"": 555706800}"
67797253ce57ea43fce43af34b004d4780e9f24c8a6a1e248500cb7761db1677,optimized|q10,optimized,q10,security,How do I implement OAuth2 password authentication with bearer tokens in FastAPI?,1305,e08b47b55d7237f38bcaba48c79a468a40b92e4f3120e968ae9ece999f5e8c2d,5,ollama,qwen2.5:3b,ollama,qwen2.5:3b,0.0,256,false,42,9203000,8820935300,8830252100,"[""tutorial/security/oauth2-jwt-0"", ""tutorial/security/simple-oauth2-0"", ""tutorial/security/simple-oauth2-17"", ""reference/security/index-4"", ""tutorial/security/index-6""]","[""advanced/security/oauth2-scopes-16"", ""reference/security/index-4"", ""reference/security/index-5"", ""tutorial/security/first-steps-0"", ""tutorial/security/first-steps-10"", ""tutorial/security/first-steps-5"", ""tutorial/security/first-steps-6"", ""tutorial/security/first-steps-7"", ""tutorial/security/index-2"", ""tutorial/security/index-6"", ""tutorial/security/oauth2-jwt-0"", ""tutorial/security/oauth2-jwt-14"", ""tutorial/security/simple-oauth2-0"", ""tutorial/security/simple-oauth2-1"", ""tutorial/security/simple-oauth2-11"", ""tutorial/security/simple-oauth2-17"", ""tutorial/security/simple-oauth2-4"", ""tutorial/security/simple-oauth2-5""]","[""tutorial/security/oauth2-jwt-0"", ""tutorial/security/simple-oauth2-0"", ""tutorial/security/simple-oauth2-17"", ""reference/security/index-4"", ""tutorial/security/index-6""]",5,1.0,0.2777777777777778,true,1,2,"[""tutorial/security/simple-oauth2-0"", ""tutorial/security/simple-oauth2-17""]",[],2,1.0,25,"To implement OAuth2 password authentication with bearer tokens in FastAPI, you can use the `OAuth2PasswordBearer` from the `fastapi.security` module, as discussed in [tutorial/security/simple-oauth2-0] and [tutorial/security/simple-oauth2-17].","{""citation_count"": 2, ""citation_retry_count"": 1, ""citation_valid"": true, ""done_reason"": ""stop"", ""effective_max_tokens"": 256, ""eval_count"": 58, ""eval_duration"": 1013805000, ""invalid_citations"": [], ""load_duration"": 1680500, ""prompt_eval_count"": 1406, ""prompt_eval_duration"": 1195158000, ""requested_max_tokens"": 256, ""requested_seed"": 42, ""requested_temperature"": 0.0, ""thinking_enabled"": false, ""total_duration"": 2220594600, ""truncation_retries"": 0, ""valid_citations"": [""tutorial/security/simple-oauth2-0"", ""tutorial/security/simple-oauth2-17""]}"
67797253ce57ea43fce43af34b004d4780e9f24c8a6a1e248500cb7761db1677,semantic|q10,semantic,q10,security,How do I implement OAuth2 password authentication with bearer tokens in FastAPI?,1305,e08b47b55d7237f38bcaba48c79a468a40b92e4f3120e968ae9ece999f5e8c2d,5,ollama,qwen2.5:3b,ollama,qwen2.5:3b,0.0,256,false,42,21601800,10566766800,10588521300,"[""tutorial/security/first-steps-7"", ""tutorial/security/simple-oauth2-5"", ""reference/security/index-4"", ""tutorial/security/first-steps-0"", ""tutorial/security/simple-oauth2-4""]","[""advanced/security/oauth2-scopes-16"", ""reference/security/index-4"", ""reference/security/index-5"", ""tutorial/security/first-steps-0"", ""tutorial/security/first-steps-10"", ""tutorial/security/first-steps-5"", ""tutorial/security/first-steps-6"", ""tutorial/security/first-steps-7"", ""tutorial/security/index-2"", ""tutorial/security/index-6"", ""tutorial/security/oauth2-jwt-0"", ""tutorial/security/oauth2-jwt-14"", ""tutorial/security/simple-oauth2-0"", ""tutorial/security/simple-oauth2-1"", ""tutorial/security/simple-oauth2-11"", ""tutorial/security/simple-oauth2-17"", ""tutorial/security/simple-oauth2-4"", ""tutorial/security/simple-oauth2-5""]","[""tutorial/security/first-steps-7"", ""tutorial/security/simple-oauth2-5"", ""reference/security/index-4"", ""tutorial/security/first-steps-0"", ""tutorial/security/simple-oauth2-4""]",5,1.0,0.2777777777777778,true,1,1,"[""tutorial/security/first-steps-7""]",[],1,1.0,62,"To implement OAuth2 password authentication with bearer tokens in FastAPI, you can use the `OAuth2PasswordBearer` class. This class makes **FastAPI** aware of the security scheme, allowing it to be added to OpenAPI. You can create an instance of `OAuth2PasswordBearer` by passing the `tokenUrl` parameter, which is the URL where the client (frontend) sends the `username` and `password` to obtain a token. [tutorial/security/first-steps-7]","{""citation_count"": 1, ""citation_retry_count"": 1, ""citation_valid"": true, ""done_reason"": ""stop"", ""effective_max_tokens"": 256, ""eval_count"": 103, ""eval_duration"": 1850674000, ""invalid_citations"": [], ""load_duration"": 2144600, ""prompt_eval_count"": 1652, ""prompt_eval_duration"": 1223400000, ""requested_max_tokens"": 256, ""requested_seed"": 42, ""requested_temperature"": 0.0, ""thinking_enabled"": false, ""total_duration"": 3089619400, ""truncation_retries"": 0, ""valid_citations"": [""tutorial/security/first-steps-7""]}"
67797253ce57ea43fce43af34b004d4780e9f24c8a6a1e248500cb7761db1677,optimized|q11,optimized,q11,security,How can I create and validate JWT access tokens in FastAPI?,1305,e08b47b55d7237f38bcaba48c79a468a40b92e4f3120e968ae9ece999f5e8c2d,5,ollama,qwen2.5:3b,ollama,qwen2.5:3b,0.0,256,false,42,8889400,9269331100,9278326200,"[""tutorial/security/oauth2-jwt-0"", ""tutorial/security/oauth2-jwt-8"", ""tutorial/security/oauth2-jwt-1"", ""tutorial/security/simple-oauth2-17"", ""features-8""]","[""advanced/security/oauth2-scopes-4"", ""tutorial/security/first-steps-6"", ""tutorial/security/first-steps-7"", ""tutorial/security/index-6"", ""tutorial/security/oauth2-jwt-0"", ""tutorial/security/oauth2-jwt-1"", ""tutorial/security/oauth2-jwt-10"", ""tutorial/security/oauth2-jwt-11"", ""tutorial/security/oauth2-jwt-14"", ""tutorial/security/oauth2-jwt-8"", ""tutorial/security/oauth2-jwt-9"", ""tutorial/security/simple-oauth2-11""]","[""tutorial/security/oauth2-jwt-0"", ""tutorial/security/oauth2-jwt-8"", ""tutorial/security/oauth2-jwt-1""]",3,0.6,0.25,false,1,0,[],[],0,,53,"To create and validate JWT access tokens in FastAPI, you can import the necessary modules and use the `SECRET_KEY`, `ALGORITHM`, and `ACCESS_TOKEN_EXPIRE_MINUTES` variables defined earlier. You can then create a utility function to generate a new access token and another function to validate the token, as shown in the tutorials and features documentation.","{""citation_count"": 0, ""citation_retry_count"": 1, ""citation_valid"": false, ""done_reason"": ""stop"", ""effective_max_tokens"": 256, ""eval_count"": 72, ""eval_duration"": 1278218000, ""invalid_citations"": [], ""load_duration"": 1875400, ""prompt_eval_count"": 1720, ""prompt_eval_duration"": 1224545000, ""requested_max_tokens"": 256, ""requested_seed"": 42, ""requested_temperature"": 0.0, ""thinking_enabled"": false, ""total_duration"": 2515638700, ""truncation_retries"": 0, ""valid_citations"": []}"
67797253ce57ea43fce43af34b004d4780e9f24c8a6a1e248500cb7761db1677,semantic|q11,semantic,q11,security,How can I create and validate JWT access tokens in FastAPI?,1305,e08b47b55d7237f38bcaba48c79a468a40b92e4f3120e968ae9ece999f5e8c2d,5,ollama,qwen2.5:3b,ollama,qwen2.5:3b,0.0,256,false,42,17316500,12157572400,12175034200,"[""tutorial/security/simple-oauth2-11"", ""tutorial/security/first-steps-7"", ""tutorial/security/oauth2-jwt-13"", ""tutorial/security/oauth2-jwt-14"", ""tutorial/security/first-steps-6""]","[""advanced/security/oauth2-scopes-4"", ""tutorial/security/first-steps-6"", ""tutorial/security/first-steps-7"", ""tutorial/security/index-6"", ""tutorial/security/oauth2-jwt-0"", ""tutorial/security/oauth2-jwt-1"", ""tutorial/security/oauth2-jwt-10"", ""tutorial/security/oauth2-jwt-11"", ""tutorial/security/oauth2-jwt-14"", ""tutorial/security/oauth2-jwt-8"", ""tutorial/security/oauth2-jwt-9"", ""tutorial/security/simple-oauth2-11""]","[""tutorial/security/simple-oauth2-11"", ""tutorial/security/first-steps-7"", ""tutorial/security/oauth2-jwt-14"", ""tutorial/security/first-steps-6""]",4,0.8,0.3333333333333333,true,1,1,"[""tutorial/security/first-steps-7""]",[],1,1.0,50,"To create and validate JWT access tokens in FastAPI, you can use the `PyJWT` library directly, as **FastAPI** doesn't require any complex mechanisms to integrate external packages. You can use the `create_access_token` function provided by FastAPI to create JWT tokens and the `OAuth2PasswordBearer` class to handle the token validation. [tutorial/security/first-steps-7]","{""citation_count"": 1, ""citation_retry_count"": 1, ""citation_valid"": true, ""done_reason"": ""stop"", ""effective_max_tokens"": 256, ""eval_count"": 82, ""eval_duration"": 1484935000, ""invalid_citations"": [], ""load_duration"": 1706500, ""prompt_eval_count"": 2053, ""prompt_eval_duration"": 1279035000, ""requested_max_tokens"": 256, ""requested_seed"": 42, ""requested_temperature"": 0.0, ""thinking_enabled"": false, ""total_duration"": 2782566000, ""truncation_retries"": 0, ""valid_citations"": [""tutorial/security/first-steps-7""]}"
67797253ce57ea43fce43af34b004d4780e9f24c8a6a1e248500cb7761db1677,no_rag|q11,no_rag,q11,security,How can I create and validate JWT access tokens in FastAPI?,1305,e08b47b55d7237f38bcaba48c79a468a40b92e4f3120e968ae9ece999f5e8c2d,,ollama,qwen2.5:3b,ollama,qwen2.5:3b,0.0,256,false,42,,573468200,573468200,[],"[""advanced/security/oauth2-scopes-4"", ""tutorial/security/first-steps-6"", ""tutorial/security/first-steps-7"", ""tutorial/security/index-6"", ""tutorial/security/oauth2-jwt-0"", ""tutorial/security/oauth2-jwt-1"", ""tutorial/security/oauth2-jwt-10"", ""tutorial/security/oauth2-jwt-11"", ""tutorial/security/oauth2-jwt-14"", ""tutorial/security/oauth2-jwt-8"", ""tutorial/security/oauth2-jwt-9"", ""tutorial/security/simple-oauth2-11""]",[],,,,,,,[],[],,,14,Create tokens with `pyjwt` library and validate them in FastAPI using `pyjwt` and `fastapi-security`.,"{""done_reason"": ""stop"", ""eval_count"": 26, ""eval_duration"": 412451000, ""load_duration"": 2768100, ""prompt_eval_count"": 80, ""prompt_eval_duration"": 131418000, ""requested_max_tokens"": 256, ""requested_seed"": 42, ""requested_temperature"": 0.0, ""thinking_enabled"": false, ""total_duration"": 572179700}"
67797253ce57ea43fce43af34b004d4780e9f24c8a6a1e248500cb7761db1677,semantic|q12,semantic,q12,security,How do OAuth2 scopes work with FastAPI Security dependencies?,1305,e08b47b55d7237f38bcaba48c79a468a40b92e4f3120e968ae9ece999f5e8c2d,5,ollama,qwen2.5:3b,ollama,qwen2.5:3b,0.0,256,false,42,16544000,9650308200,9666980200,"[""reference/security/index-6"", ""advanced/security/oauth2-scopes-0"", ""reference/security/index-0"", ""reference/dependencies-2"", ""advanced/security/oauth2-scopes-7""]","[""advanced/security/oauth2-scopes-0"", ""advanced/security/oauth2-scopes-1"", ""advanced/security/oauth2-scopes-10"", ""advanced/security/oauth2-scopes-11"", ""advanced/security/oauth2-scopes-12"", ""advanced/security/oauth2-scopes-17"", ""advanced/security/oauth2-scopes-3"", ""advanced/security/oauth2-scopes-4"", ""advanced/security/oauth2-scopes-5"", ""advanced/security/oauth2-scopes-6"", ""advanced/security/oauth2-scopes-7"", ""advanced/security/oauth2-scopes-8"", ""reference/dependencies-2"", ""reference/security/index-0"", ""reference/security/index-6"", ""tutorial/security/oauth2-jwt-13"", ""tutorial/security/simple-oauth2-4""]","[""reference/security/index-6"", ""advanced/security/oauth2-scopes-0"", ""reference/security/index-0"", ""reference/dependencies-2"", ""advanced/security/oauth2-scopes-7""]",5,1.0,0.29411764705882354,true,1,1,"[""reference/security/index-6""]",[],1,1.0,42,"OAuth2 scopes work with FastAPI Security dependencies by using the `SecurityScopes` class, which is imported from `fastapi.security`. This allows you to specify the required scopes for a dependency, ensuring that only users with the appropriate scopes can access the secured functionality. [reference/security/index-6]","{""citation_count"": 1, ""citation_retry_count"": 1, ""citation_valid"": true, ""done_reason"": ""stop"", ""effective_max_tokens"": 256, ""eval_count"": 62, ""eval_duration"": 1097225000, ""invalid_citations"": [], ""load_duration"": 2165800, ""prompt_eval_count"": 1512, ""prompt_eval_duration"": 1197464000, ""requested_max_tokens"": 256, ""requested_seed"": 42, ""requested_temperature"": 0.0, ""thinking_enabled"": false, ""total_duration"": 2307510300, ""truncation_retries"": 0, ""valid_citations"": [""reference/security/index-6""]}"
67797253ce57ea43fce43af34b004d4780e9f24c8a6a1e248500cb7761db1677,no_rag|q12,no_rag,q12,security,How do OAuth2 scopes work with FastAPI Security dependencies?,1305,e08b47b55d7237f38bcaba48c79a468a40b92e4f3120e968ae9ece999f5e8c2d,,ollama,qwen2.5:3b,ollama,qwen2.5:3b,0.0,256,false,42,,590433000,590433000,[],"[""advanced/security/oauth2-scopes-0"", ""advanced/security/oauth2-scopes-1"", ""advanced/security/oauth2-scopes-10"", ""advanced/security/oauth2-scopes-11"", ""advanced/security/oauth2-scopes-12"", ""advanced/security/oauth2-scopes-17"", ""advanced/security/oauth2-scopes-3"", ""advanced/security/oauth2-scopes-4"", ""advanced/security/oauth2-scopes-5"", ""advanced/security/oauth2-scopes-6"", ""advanced/security/oauth2-scopes-7"", ""advanced/security/oauth2-scopes-8"", ""reference/dependencies-2"", ""reference/security/index-0"", ""reference/security/index-6"", ""tutorial/security/oauth2-jwt-13"", ""tutorial/security/simple-oauth2-4""]",[],,,,,,,[],[],,,24,"OAuth2 scopes define the level of access a user grants to an application, which can be checked and enforced at the FastAPI Security layer.","{""done_reason"": ""stop"", ""eval_count"": 29, ""eval_duration"": 468722000, ""load_duration"": 2328100, ""prompt_eval_count"": 79, ""prompt_eval_duration"": 97387000, ""requested_max_tokens"": 256, ""requested_seed"": 42, ""requested_temperature"": 0.0, ""thinking_enabled"": false, ""total_duration"": 588811500}"
67797253ce57ea43fce43af34b004d4780e9f24c8a6a1e248500cb7761db1677,optimized|q12,optimized,q12,security,How do OAuth2 scopes work with FastAPI Security dependencies?,1305,e08b47b55d7237f38bcaba48c79a468a40b92e4f3120e968ae9ece999f5e8c2d,5,ollama,qwen2.5:3b,ollama,qwen2.5:3b,0.0,256,false,42,8191900,5889770900,5898070700,"[""reference/security/index-6"", ""advanced/security/oauth2-scopes-0"", ""reference/security/index-4"", ""reference/dependencies-2"", ""advanced/security/oauth2-scopes-3""]","[""advanced/security/oauth2-scopes-0"", ""advanced/security/oauth2-scopes-1"", ""advanced/security/oauth2-scopes-10"", ""advanced/security/oauth2-scopes-11"", ""advanced/security/oauth2-scopes-12"", ""advanced/security/oauth2-scopes-17"", ""advanced/security/oauth2-scopes-3"", ""advanced/security/oauth2-scopes-4"", ""advanced/security/oauth2-scopes-5"", ""advanced/security/oauth2-scopes-6"", ""advanced/security/oauth2-scopes-7"", ""advanced/security/oauth2-scopes-8"", ""reference/dependencies-2"", ""reference/security/index-0"", ""reference/security/index-6"", ""tutorial/security/oauth2-jwt-13"", ""tutorial/security/simple-oauth2-4""]","[""reference/security/index-6"", ""advanced/security/oauth2-scopes-0"", ""reference/dependencies-2"", ""advanced/security/oauth2-scopes-3""]",4,0.8,0.23529411764705882,true,1,1,"[""advanced/security/oauth2-scopes-0""]",[],1,1.0,46,OAuth2 scopes work with FastAPI Security dependencies by declaring the OAuth2 security scheme with a `dict` of scopes and their descriptions. This allows the scopes to be shown in the API docs and enables users to select which scopes they want to grant access to. [advanced/security/oauth2-scopes-0],"{""citation_count"": 1, ""citation_retry_count"": 1, ""citation_valid"": true, ""done_reason"": ""stop"", ""effective_max_tokens"": 256, ""eval_count"": 63, ""eval_duration"": 1097889000, ""invalid_citations"": [], ""load_duration"": 2147500, ""prompt_eval_count"": 1321, ""prompt_eval_duration"": 1197162000, ""requested_max_tokens"": 256, ""requested_seed"": 42, ""requested_temperature"": 0.0, ""thinking_enabled"": false, ""total_duration"": 2307115500, ""truncation_retries"": 0, ""valid_citations"": [""advanced/security/oauth2-scopes-0""]}"
67797253ce57ea43fce43af34b004d4780e9f24c8a6a1e248500cb7761db1677,no_rag|q13,no_rag,q13,security,How can I protect an endpoint using an API key in FastAPI?,1305,e08b47b55d7237f38bcaba48c79a468a40b92e4f3120e968ae9ece999f5e8c2d,,ollama,qwen2.5:3b,ollama,qwen2.5:3b,0.0,256,false,42,,499983800,499983800,[],"[""reference/security/index-0"", ""reference/security/index-1"", ""tutorial/security/index-6""]",[],,,,,,,[],[],,,20,Create a decorator that checks for an API key in headers or query parameters before allowing access to the endpoint.,"{""done_reason"": ""stop"", ""eval_count"": 22, ""eval_duration"": 346270000, ""load_duration"": 2152000, ""prompt_eval_count"": 81, ""prompt_eval_duration"": 130717000, ""requested_max_tokens"": 256, ""requested_seed"": 42, ""requested_temperature"": 0.0, ""thinking_enabled"": false, ""total_duration"": 498366800}"
67797253ce57ea43fce43af34b004d4780e9f24c8a6a1e248500cb7761db1677,optimized|q13,optimized,q13,security,How can I protect an endpoint using an API key in FastAPI?,1305,e08b47b55d7237f38bcaba48c79a468a40b92e4f3120e968ae9ece999f5e8c2d,5,ollama,qwen2.5:3b,ollama,qwen2.5:3b,0.0,256,false,42,10473100,7374119400,7384715500,"[""advanced/openapi-callbacks-1"", ""advanced/openapi-callbacks-0"", ""tutorial/first-steps-24"", ""history-design-future-4"", ""alternatives-19""]","[""reference/security/index-0"", ""reference/security/index-1"", ""tutorial/security/index-6""]",[],0,0.0,0.0,true,0,0,[],[],0,,9,The provided context is insufficient to answer this question.,"{""citation_count"": 0, ""citation_retry_count"": 0, ""citation_valid"": true, ""done_reason"": ""stop"", ""effective_max_tokens"": 256, ""eval_count"": 11, ""eval_duration"": 176937000, ""invalid_citations"": [], ""load_duration"": 1855500, ""prompt_eval_count"": 1393, ""prompt_eval_duration"": 7179404000, ""requested_max_tokens"": 256, ""requested_seed"": 42, ""requested_temperature"": 0.0, ""thinking_enabled"": false, ""total_duration"": 7371688500, ""truncation_retries"": 0, ""valid_citations"": []}"
67797253ce57ea43fce43af34b004d4780e9f24c8a6a1e248500cb7761db1677,semantic|q13,semantic,q13,security,How can I protect an endpoint using an API key in FastAPI?,1305,e08b47b55d7237f38bcaba48c79a468a40b92e4f3120e968ae9ece999f5e8c2d,5,ollama,qwen2.5:3b,ollama,qwen2.5:3b,0.0,256,false,42,22806900,10105330000,10128313700,"[""reference/security/index-1"", ""tutorial/security/first-steps-6"", ""tutorial/security/first-steps-0"", ""tutorial/security/first-steps-7"", ""tutorial/security/index-6""]","[""reference/security/index-0"", ""reference/security/index-1"", ""tutorial/security/index-6""]","[""reference/security/index-1"", ""tutorial/security/index-6""]",2,0.4,0.6666666666666666,true,1,1,"[""reference/security/index-1""]",[],1,1.0,24,"To protect an endpoint using an API key in FastAPI, you can use the `APIKeyQuery`, `APIKeyHeader`, or `APIKeyCookie` security schemes provided by FastAPI. [reference/security/index-1]","{""citation_count"": 1, ""citation_retry_count"": 1, ""citation_valid"": true, ""done_reason"": ""stop"", ""effective_max_tokens"": 256, ""eval_count"": 47, ""eval_duration"": 837935000, ""invalid_citations"": [], ""load_duration"": 2289100, ""prompt_eval_count"": 1875, ""prompt_eval_duration"": 1250556000, ""requested_max_tokens"": 256, ""requested_seed"": 42, ""requested_temperature"": 0.0, ""thinking_enabled"": false, ""total_duration"": 2108369100, ""truncation_retries"": 0, ""valid_citations"": [""reference/security/index-1""]}"
67797253ce57ea43fce43af34b004d4780e9f24c8a6a1e248500cb7761db1677,optimized|q14,optimized,q14,middleware_cors,How do I configure CORS to allow requests from specific origins in FastAPI?,1305,e08b47b55d7237f38bcaba48c79a468a40b92e4f3120e968ae9ece999f5e8c2d,5,ollama,qwen2.5:3b,ollama,qwen2.5:3b,0.0,256,false,42,9558600,8001253900,8010924200,"[""tutorial/cors-5"", ""tutorial/cors-7"", ""tutorial/cors-4"", ""tutorial/cors-9"", ""advanced/middleware-0""]","[""reference/middleware-0"", ""tutorial/cors-0"", ""tutorial/cors-3"", ""tutorial/cors-4"", ""tutorial/cors-5"", ""tutorial/cors-6""]","[""tutorial/cors-5"", ""tutorial/cors-4""]",2,0.4,0.3333333333333333,true,1,1,"[""tutorial/cors-4""]",[],1,1.0,34,"You can configure CORS to allow requests from specific origins in FastAPI by importing `CORSMiddleware`, creating a list of allowed origins (as strings), and adding it as a middleware to your FastAPI application. [tutorial/cors-4]","{""citation_count"": 1, ""citation_retry_count"": 1, ""citation_valid"": true, ""done_reason"": ""stop"", ""effective_max_tokens"": 256, ""eval_count"": 50, ""eval_duration"": 858519000, ""invalid_citations"": [], ""load_duration"": 2469000, ""prompt_eval_count"": 1469, ""prompt_eval_duration"": 1195448000, ""requested_max_tokens"": 256, ""requested_seed"": 42, ""requested_temperature"": 0.0, ""thinking_enabled"": false, ""total_duration"": 2066690000, ""truncation_retries"": 0, ""valid_citations"": [""tutorial/cors-4""]}"
67797253ce57ea43fce43af34b004d4780e9f24c8a6a1e248500cb7761db1677,semantic|q14,semantic,q14,middleware_cors,How do I configure CORS to allow requests from specific origins in FastAPI?,1305,e08b47b55d7237f38bcaba48c79a468a40b92e4f3120e968ae9ece999f5e8c2d,5,ollama,qwen2.5:3b,ollama,qwen2.5:3b,0.0,256,false,42,80465500,9830441200,9911065200,"[""tutorial/cors-4"", ""tutorial/cors-9"", ""tutorial/cors-6"", ""tutorial/cors-5"", ""tutorial/cors-7""]","[""reference/middleware-0"", ""tutorial/cors-0"", ""tutorial/cors-3"", ""tutorial/cors-4"", ""tutorial/cors-5"", ""tutorial/cors-6""]","[""tutorial/cors-4"", ""tutorial/cors-6"", ""tutorial/cors-5""]",3,0.6,0.5,true,1,1,"[""tutorial/cors-4""]",[],1,1.0,53,"You can configure CORS to allow requests from specific origins in FastAPI by setting the `allow_origins` parameter in the `CORSMiddleware`. For example, you can set it to a list of origins that should be permitted to make cross-origin requests, such as `['https://example.org', 'https://www.example.org']`. You can also use `['*']` to allow any origin. [tutorial/cors-4]","{""citation_count"": 1, ""citation_retry_count"": 1, ""citation_valid"": true, ""done_reason"": ""stop"", ""effective_max_tokens"": 256, ""eval_count"": 90, ""eval_duration"": 1611895000, ""invalid_citations"": [], ""load_duration"": 1732200, ""prompt_eval_count"": 1578, ""prompt_eval_duration"": 1222962000, ""requested_max_tokens"": 256, ""requested_seed"": 42, ""requested_temperature"": 0.0, ""thinking_enabled"": false, ""total_duration"": 2846320100, ""truncation_retries"": 0, ""valid_citations"": [""tutorial/cors-4""]}"
67797253ce57ea43fce43af34b004d4780e9f24c8a6a1e248500cb7761db1677,no_rag|q14,no_rag,q14,middleware_cors,How do I configure CORS to allow requests from specific origins in FastAPI?,1305,e08b47b55d7237f38bcaba48c79a468a40b92e4f3120e968ae9ece999f5e8c2d,,ollama,qwen2.5:3b,ollama,qwen2.5:3b,0.0,256,false,42,,676286000,676286000,[],"[""reference/middleware-0"", ""tutorial/cors-0"", ""tutorial/cors-3"", ""tutorial/cors-4"", ""tutorial/cors-5"", ""tutorial/cors-6""]",[],,,,,,,[],[],,,20,Configure CORS in FastAPI by installing `fastapi-cors` and adding it to your app with appropriate origins in the `include_cors` function.,"{""done_reason"": ""stop"", ""eval_count"": 32, ""eval_duration"": 517751999, ""load_duration"": 1590100, ""prompt_eval_count"": 82, ""prompt_eval_duration"": 131871000, ""requested_max_tokens"": 256, ""requested_seed"": 42, ""requested_temperature"": 0.0, ""thinking_enabled"": false, ""total_duration"": 674203300}"
67797253ce57ea43fce43af34b004d4780e9f24c8a6a1e248500cb7761db1677,semantic|q15,semantic,q15,middleware_cors,How do I add middleware to a FastAPI application?,1305,e08b47b55d7237f38bcaba48c79a468a40b92e4f3120e968ae9ece999f5e8c2d,5,ollama,qwen2.5:3b,ollama,qwen2.5:3b,0.0,256,false,42,17508100,9457939800,9475609400,"[""tutorial/middleware-0"", ""advanced/middleware-1"", ""advanced/middleware-2"", ""tutorial/cors-4"", ""tutorial/frontend-8""]","[""advanced/middleware-0"", ""advanced/middleware-1"", ""advanced/middleware-2"", ""advanced/wsgi-1"", ""reference/middleware-0"", ""tutorial/cors-4"", ""tutorial/middleware-0"", ""tutorial/middleware-1"", ""tutorial/middleware-3"", ""tutorial/middleware-4""]","[""tutorial/middleware-0"", ""advanced/middleware-1"", ""advanced/middleware-2"", ""tutorial/cors-4""]",4,0.8,0.4,true,1,1,"[""advanced/middleware-1""]",[],1,1.0,17,"You can add middleware to a FastAPI application by using the `app.add_middleware()` method, as described in [advanced/middleware-1].","{""citation_count"": 1, ""citation_retry_count"": 1, ""citation_valid"": true, ""done_reason"": ""stop"", ""effective_max_tokens"": 256, ""eval_count"": 31, ""eval_duration"": 531871999, ""invalid_citations"": [], ""load_duration"": 2185700, ""prompt_eval_count"": 1567, ""prompt_eval_duration"": 1222803000, ""requested_max_tokens"": 256, ""requested_seed"": 42, ""requested_temperature"": 0.0, ""thinking_enabled"": false, ""total_duration"": 1768058600, ""truncation_retries"": 0, ""valid_citations"": [""advanced/middleware-1""]}"
67797253ce57ea43fce43af34b004d4780e9f24c8a6a1e248500cb7761db1677,no_rag|q15,no_rag,q15,middleware_cors,How do I add middleware to a FastAPI application?,1305,e08b47b55d7237f38bcaba48c79a468a40b92e4f3120e968ae9ece999f5e8c2d,,ollama,qwen2.5:3b,ollama,qwen2.5:3b,0.0,256,false,42,,471568100,471568100,[],"[""advanced/middleware-0"", ""advanced/middleware-1"", ""advanced/middleware-2"", ""advanced/wsgi-1"", ""reference/middleware-0"", ""tutorial/cors-4"", ""tutorial/middleware-0"", ""tutorial/middleware-1"", ""tutorial/middleware-3"", ""tutorial/middleware-4""]",[],,,,,,,[],[],,,13,Add `Middleware` class inheriting from `FastAPI` to configure middleware in your FastAPI application.,"{""done_reason"": ""stop"", ""eval_count"": 22, ""eval_duration"": 349188000, ""load_duration"": 2183600, ""prompt_eval_count"": 78, ""prompt_eval_duration"": 95434000, ""requested_max_tokens"": 256, ""requested_seed"": 42, ""requested_temperature"": 0.0, ""thinking_enabled"": false, ""total_duration"": 469596400}"
67797253ce57ea43fce43af34b004d4780e9f24c8a6a1e248500cb7761db1677,optimized|q15,optimized,q15,middleware_cors,How do I add middleware to a FastAPI application?,1305,e08b47b55d7237f38bcaba48c79a468a40b92e4f3120e968ae9ece999f5e8c2d,5,ollama,qwen2.5:3b,ollama,qwen2.5:3b,0.0,256,false,42,15622300,10532601200,10548476300,"[""advanced/middleware-0"", ""reference/middleware-0"", ""tutorial/middleware-0"", ""tutorial/middleware-1"", ""tutorial/frontend-8""]","[""advanced/middleware-0"", ""advanced/middleware-1"", ""advanced/middleware-2"", ""advanced/wsgi-1"", ""reference/middleware-0"", ""tutorial/cors-4"", ""tutorial/middleware-0"", ""tutorial/middleware-1"", ""tutorial/middleware-3"", ""tutorial/middleware-4""]","[""advanced/middleware-0"", ""reference/middleware-0"", ""tutorial/middleware-0"", ""tutorial/middleware-1""]",4,0.8,0.4,true,1,1,"[""reference/middleware-0""]",[],1,1.0,46,"To add middleware to a FastAPI application, you use the decorator `@app.middleware(""http"")` on top of a function. The middleware function receives the `request`, a function `call_next` that will receive the `request` as a parameter, and you can then further modify the `response` before returning it. [reference/middleware-0]","{""citation_count"": 1, ""citation_retry_count"": 1, ""citation_valid"": true, ""done_reason"": ""stop"", ""effective_max_tokens"": 256, ""eval_count"": 74, ""eval_duration"": 1319407000, ""invalid_citations"": [], ""load_duration"": 1782000, ""prompt_eval_count"": 1559, ""prompt_eval_duration"": 1222588000, ""requested_max_tokens"": 256, ""requested_seed"": 42, ""requested_temperature"": 0.0, ""thinking_enabled"": false, ""total_duration"": 2554480700, ""truncation_retries"": 0, ""valid_citations"": [""reference/middleware-0""]}"
67797253ce57ea43fce43af34b004d4780e9f24c8a6a1e248500cb7761db1677,no_rag|q16,no_rag,q16,middleware_cors,How can I configure trusted hosts or HTTPS redirection middleware in FastAPI?,1305,e08b47b55d7237f38bcaba48c79a468a40b92e4f3120e968ae9ece999f5e8c2d,,ollama,qwen2.5:3b,ollama,qwen2.5:3b,0.0,256,false,42,,707995900,707995900,[],"[""advanced/middleware-0"", ""advanced/middleware-1"", ""advanced/middleware-2"", ""advanced/middleware-3"", ""advanced/middleware-4"", ""reference/middleware-0""]",[],,,,,,,[],[],,,23,Configure trusted hosts in your FastAPI app's `settings` module and use the `FastAPI` constructor with the `middleware` parameter to include HTTPS redirection middleware.,"{""done_reason"": ""stop"", ""eval_count"": 34, ""eval_duration"": 552135000, ""load_duration"": 2139100, ""prompt_eval_count"": 81, ""prompt_eval_duration"": 131969000, ""requested_max_tokens"": 256, ""requested_seed"": 42, ""requested_temperature"": 0.0, ""thinking_enabled"": false, ""total_duration"": 706324000}"
67797253ce57ea43fce43af34b004d4780e9f24c8a6a1e248500cb7761db1677,optimized|q16,optimized,q16,middleware_cors,How can I configure trusted hosts or HTTPS redirection middleware in FastAPI?,1305,e08b47b55d7237f38bcaba48c79a468a40b92e4f3120e968ae9ece999f5e8c2d,5,ollama,qwen2.5:3b,ollama,qwen2.5:3b,0.0,256,false,42,11697100,9268337800,9280156600,"[""reference/middleware-0"", ""advanced/middleware-0"", ""tutorial/middleware-1"", ""tutorial/frontend-8"", ""tutorial/middleware-0""]","[""advanced/middleware-0"", ""advanced/middleware-1"", ""advanced/middleware-2"", ""advanced/middleware-3"", ""advanced/middleware-4"", ""reference/middleware-0""]","[""reference/middleware-0"", ""advanced/middleware-0""]",2,0.4,0.3333333333333333,true,1,1,"[""reference/middleware-0""]",[],1,1.0,28,You can configure the TrustedHostMiddleware and HTTPSRedirectMiddleware in FastAPI by importing them from `fastapi` and applying them to your application as middleware. Refer to [reference/middleware-0] for more details.,"{""citation_count"": 1, ""citation_retry_count"": 1, ""citation_valid"": true, ""done_reason"": ""stop"", ""effective_max_tokens"": 256, ""eval_count"": 45, ""eval_duration"": 788337000, ""invalid_citations"": [], ""load_duration"": 2133900, ""prompt_eval_count"": 1527, ""prompt_eval_duration"": 1194824000, ""requested_max_tokens"": 256, ""requested_seed"": 42, ""requested_temperature"": 0.0, ""thinking_enabled"": false, ""total_duration"": 1996246800, ""truncation_retries"": 0, ""valid_citations"": [""reference/middleware-0""]}"
67797253ce57ea43fce43af34b004d4780e9f24c8a6a1e248500cb7761db1677,semantic|q16,semantic,q16,middleware_cors,How can I configure trusted hosts or HTTPS redirection middleware in FastAPI?,1305,e08b47b55d7237f38bcaba48c79a468a40b92e4f3120e968ae9ece999f5e8c2d,5,ollama,qwen2.5:3b,ollama,qwen2.5:3b,0.0,256,false,42,22507200,9100475500,9123141600,"[""advanced/behind-a-proxy-3"", ""tutorial/cors-4"", ""advanced/behind-a-proxy-5"", ""advanced/middleware-4"", ""advanced/middleware-3""]","[""advanced/middleware-0"", ""advanced/middleware-1"", ""advanced/middleware-2"", ""advanced/middleware-3"", ""advanced/middleware-4"", ""reference/middleware-0""]","[""advanced/middleware-4"", ""advanced/middleware-3""]",2,0.4,0.3333333333333333,false,1,0,[],[],0,,48,"You can configure `TrustedHostMiddleware` in FastAPI by specifying the `allowed_hosts` argument to allow certain domain names, and setting `www_redirect` to `True` to redirect non-www to www versions of the allowed hosts. For enforcing HTTPS, you can use `HTTPSRedirectMiddleware` by ensuring all incoming requests are either `https` or `wss`.","{""citation_count"": 0, ""citation_retry_count"": 1, ""citation_valid"": false, ""done_reason"": ""stop"", ""effective_max_tokens"": 256, ""eval_count"": 76, ""eval_duration"": 1363818000, ""invalid_citations"": [], ""load_duration"": 2163900, ""prompt_eval_count"": 1487, ""prompt_eval_duration"": 1197948000, ""requested_max_tokens"": 256, ""requested_seed"": 42, ""requested_temperature"": 0.0, ""thinking_enabled"": false, ""total_duration"": 2577436500, ""truncation_retries"": 0, ""valid_citations"": []}"
67797253ce57ea43fce43af34b004d4780e9f24c8a6a1e248500cb7761db1677,optimized|q17,optimized,q17,background_tasks,How can I run work after returning a response using BackgroundTasks in FastAPI?,1305,e08b47b55d7237f38bcaba48c79a468a40b92e4f3120e968ae9ece999f5e8c2d,5,ollama,qwen2.5:3b,ollama,qwen2.5:3b,0.0,256,false,42,10201600,6231821500,6242241400,"[""tutorial/background-tasks-1"", ""reference/background-0"", ""reference/response-0"", ""tutorial/background-tasks-4"", ""advanced/response-cookies-2""]","[""advanced/advanced-dependencies-12"", ""reference/background-0"", ""tutorial/background-tasks-0"", ""tutorial/background-tasks-1"", ""tutorial/background-tasks-2"", ""tutorial/background-tasks-4"", ""tutorial/background-tasks-5"", ""tutorial/background-tasks-6"", ""tutorial/background-tasks-7""]","[""tutorial/background-tasks-1"", ""reference/background-0"", ""tutorial/background-tasks-4""]",3,0.6,0.3333333333333333,true,0,1,"[""tutorial/background-tasks-4""]",[],1,1.0,57,"You can run work after returning a response using BackgroundTasks in FastAPI by declaring a parameter of type `BackgroundTasks` in your *path operation function* or dependency, and then using the `add_task` method to schedule background tasks. This is demonstrated in the example from [tutorial/background-tasks-4] where messages are written to a log file after the response is sent.","{""citation_count"": 1, ""citation_retry_count"": 0, ""citation_valid"": true, ""done_reason"": ""stop"", ""effective_max_tokens"": 256, ""eval_count"": 78, ""eval_duration"": 1366432000, ""invalid_citations"": [], ""load_duration"": 2267500, ""prompt_eval_count"": 1138, ""prompt_eval_duration"": 4837797000, ""requested_max_tokens"": 256, ""requested_seed"": 42, ""requested_temperature"": 0.0, ""thinking_enabled"": false, ""total_duration"": 6229332800, ""truncation_retries"": 0, ""valid_citations"": [""tutorial/background-tasks-4""]}"
67797253ce57ea43fce43af34b004d4780e9f24c8a6a1e248500cb7761db1677,semantic|q17,semantic,q17,background_tasks,How can I run work after returning a response using BackgroundTasks in FastAPI?,1305,e08b47b55d7237f38bcaba48c79a468a40b92e4f3120e968ae9ece999f5e8c2d,5,ollama,qwen2.5:3b,ollama,qwen2.5:3b,0.0,256,false,42,22287000,8851907400,8874361100,"[""reference/background-0"", ""tutorial/background-tasks-0"", ""tutorial/background-tasks-5"", ""tutorial/background-tasks-4"", ""tutorial/background-tasks-1""]","[""advanced/advanced-dependencies-12"", ""reference/background-0"", ""tutorial/background-tasks-0"", ""tutorial/background-tasks-1"", ""tutorial/background-tasks-2"", ""tutorial/background-tasks-4"", ""tutorial/background-tasks-5"", ""tutorial/background-tasks-6"", ""tutorial/background-tasks-7""]","[""reference/background-0"", ""tutorial/background-tasks-0"", ""tutorial/background-tasks-5"", ""tutorial/background-tasks-4"", ""tutorial/background-tasks-1""]",5,1.0,0.5555555555555556,true,1,1,"[""tutorial/background-tasks-0""]",[],1,1.0,46,"You can run work after returning a response using `BackgroundTasks` in FastAPI by declaring a parameter of type `BackgroundTasks` in your *path operation function* or dependency function. This allows you to schedule background tasks to be executed after the response is sent, as described in [tutorial/background-tasks-0].","{""citation_count"": 1, ""citation_retry_count"": 1, ""citation_valid"": true, ""done_reason"": ""stop"", ""effective_max_tokens"": 256, ""eval_count"": 65, ""eval_duration"": 1129572000, ""invalid_citations"": [], ""load_duration"": 1831100, ""prompt_eval_count"": 1469, ""prompt_eval_duration"": 1196745000, ""requested_max_tokens"": 256, ""requested_seed"": 42, ""requested_temperature"": 0.0, ""thinking_enabled"": false, ""total_duration"": 2338534400, ""truncation_retries"": 0, ""valid_citations"": [""tutorial/background-tasks-0""]}"
67797253ce57ea43fce43af34b004d4780e9f24c8a6a1e248500cb7761db1677,no_rag|q17,no_rag,q17,background_tasks,How can I run work after returning a response using BackgroundTasks in FastAPI?,1305,e08b47b55d7237f38bcaba48c79a468a40b92e4f3120e968ae9ece999f5e8c2d,,ollama,qwen2.5:3b,ollama,qwen2.5:3b,0.0,256,false,42,,356959800,356959800,[],"[""advanced/advanced-dependencies-12"", ""reference/background-0"", ""tutorial/background-tasks-0"", ""tutorial/background-tasks-1"", ""tutorial/background-tasks-2"", ""tutorial/background-tasks-4"", ""tutorial/background-tasks-5"", ""tutorial/background-tasks-6"", ""tutorial/background-tasks-7""]",[],,,,,,,[],[],,,10,Use BackgroundTasks to run work asynchronously after returning a response.,"{""done_reason"": ""stop"", ""eval_count"": 13, ""eval_duration"": 201918000, ""load_duration"": 1615200, ""prompt_eval_count"": 83, ""prompt_eval_duration"": 132648000, ""requested_max_tokens"": 256, ""requested_seed"": 42, ""requested_temperature"": 0.0, ""thinking_enabled"": false, ""total_duration"": 355106900}"
67797253ce57ea43fce43af34b004d4780e9f24c8a6a1e248500cb7761db1677,semantic|q18,semantic,q18,background_tasks,Can FastAPI dependencies add tasks to the same BackgroundTasks object?,1305,e08b47b55d7237f38bcaba48c79a468a40b92e4f3120e968ae9ece999f5e8c2d,5,ollama,qwen2.5:3b,ollama,qwen2.5:3b,0.0,256,false,42,17852600,5776026800,5794018600,"[""tutorial/background-tasks-4"", ""tutorial/background-tasks-5"", ""tutorial/background-tasks-1"", ""reference/background-0"", ""tutorial/background-tasks-7""]","[""reference/background-0"", ""tutorial/background-tasks-4"", ""tutorial/background-tasks-7""]","[""tutorial/background-tasks-4"", ""reference/background-0"", ""tutorial/background-tasks-7""]",3,0.6,1.0,true,0,1,"[""tutorial/background-tasks-4""]",[],1,1.0,12,"Yes, FastAPI dependencies can add tasks to the same BackgroundTasks object. [tutorial/background-tasks-4]","{""citation_count"": 1, ""citation_retry_count"": 0, ""citation_valid"": true, ""done_reason"": ""stop"", ""effective_max_tokens"": 256, ""eval_count"": 24, ""eval_duration"": 405157000, ""invalid_citations"": [], ""load_duration"": 3095900, ""prompt_eval_count"": 1052, ""prompt_eval_duration"": 5348968000, ""requested_max_tokens"": 256, ""requested_seed"": 42, ""requested_temperature"": 0.0, ""thinking_enabled"": false, ""total_duration"": 5773101200, ""truncation_retries"": 0, ""valid_citations"": [""tutorial/background-tasks-4""]}"
67797253ce57ea43fce43af34b004d4780e9f24c8a6a1e248500cb7761db1677,no_rag|q18,no_rag,q18,background_tasks,Can FastAPI dependencies add tasks to the same BackgroundTasks object?,1305,e08b47b55d7237f38bcaba48c79a468a40b92e4f3120e968ae9ece999f5e8c2d,,ollama,qwen2.5:3b,ollama,qwen2.5:3b,0.0,256,false,42,,403283400,403283400,[],"[""reference/background-0"", ""tutorial/background-tasks-4"", ""tutorial/background-tasks-7""]",[],,,,,,,[],[],,,11,"Yes, FastAPI dependencies can add tasks to the same BackgroundTasks object.","{""done_reason"": ""stop"", ""eval_count"": 16, ""eval_duration"": 249025000, ""load_duration"": 1603800, ""prompt_eval_count"": 80, ""prompt_eval_duration"": 132471000, ""requested_max_tokens"": 256, ""requested_seed"": 42, ""requested_temperature"": 0.0, ""thinking_enabled"": false, ""total_duration"": 401483200}"
67797253ce57ea43fce43af34b004d4780e9f24c8a6a1e248500cb7761db1677,optimized|q18,optimized,q18,background_tasks,Can FastAPI dependencies add tasks to the same BackgroundTasks object?,1305,e08b47b55d7237f38bcaba48c79a468a40b92e4f3120e968ae9ece999f5e8c2d,5,ollama,qwen2.5:3b,ollama,qwen2.5:3b,0.0,256,false,42,9381700,6596112300,6605604700,"[""reference/background-0"", ""tutorial/background-tasks-1"", ""tutorial/background-tasks-7"", ""tutorial/dependencies/dependencies-with-yield-12"", ""tutorial/dependencies/global-dependencies-0""]","[""reference/background-0"", ""tutorial/background-tasks-4"", ""tutorial/background-tasks-7""]","[""reference/background-0"", ""tutorial/background-tasks-7""]",2,0.4,0.6666666666666666,false,1,0,[],[],0,,7,The provided context is insufficient to answer.,"{""citation_count"": 0, ""citation_retry_count"": 1, ""citation_valid"": false, ""done_reason"": ""stop"", ""effective_max_tokens"": 256, ""eval_count"": 9, ""eval_duration"": 142240000, ""invalid_citations"": [], ""load_duration"": 2271100, ""prompt_eval_count"": 1204, ""prompt_eval_duration"": 1167973000, ""requested_max_tokens"": 256, ""requested_seed"": 42, ""requested_temperature"": 0.0, ""thinking_enabled"": false, ""total_duration"": 1322116700, ""truncation_retries"": 0, ""valid_citations"": []}"
67797253ce57ea43fce43af34b004d4780e9f24c8a6a1e248500cb7761db1677,no_rag|q19,no_rag,q19,websockets,How do I create a WebSocket endpoint in FastAPI?,1305,e08b47b55d7237f38bcaba48c79a468a40b92e4f3120e968ae9ece999f5e8c2d,,ollama,qwen2.5:3b,ollama,qwen2.5:3b,0.0,256,false,42,,488439500,488439500,[],"[""advanced/websockets-0"", ""advanced/websockets-3"", ""advanced/websockets-4"", ""advanced/websockets-6"", ""advanced/websockets-7"", ""advanced/websockets-8"", ""reference/fastapi-0"", ""reference/websockets-0""]",[],,,,,,,[],[],,,16,Define a WebSocket endpoint using `WebSocket` in the route handler and use `WebSocketRoute` for route registration.,"{""done_reason"": ""stop"", ""eval_count"": 23, ""eval_duration"": 369399000, ""load_duration"": 1679300, ""prompt_eval_count"": 78, ""prompt_eval_duration"": 97162000, ""requested_max_tokens"": 256, ""requested_seed"": 42, ""requested_temperature"": 0.0, ""thinking_enabled"": false, ""total_duration"": 486042200}"
67797253ce57ea43fce43af34b004d4780e9f24c8a6a1e248500cb7761db1677,optimized|q19,optimized,q19,websockets,How do I create a WebSocket endpoint in FastAPI?,1305,e08b47b55d7237f38bcaba48c79a468a40b92e4f3120e968ae9ece999f5e8c2d,5,ollama,qwen2.5:3b,ollama,qwen2.5:3b,0.0,256,false,42,14986100,9983984000,9999114300,"[""advanced/websockets-4"", ""reference/websockets-0"", ""advanced/websockets-10"", ""advanced/websockets-3"", ""alternatives-19""]","[""advanced/websockets-0"", ""advanced/websockets-3"", ""advanced/websockets-4"", ""advanced/websockets-6"", ""advanced/websockets-7"", ""advanced/websockets-8"", ""reference/fastapi-0"", ""reference/websockets-0""]","[""advanced/websockets-4"", ""reference/websockets-0"", ""advanced/websockets-3""]",3,0.6,0.375,true,1,1,"[""reference/websockets-0""]",[],1,1.0,22,"To create a WebSocket endpoint in FastAPI, you could use the `WebSocket` parameter type directly, as it is provided by Starlette. [reference/websockets-0]","{""citation_count"": 1, ""citation_retry_count"": 1, ""citation_valid"": true, ""done_reason"": ""stop"", ""effective_max_tokens"": 256, ""eval_count"": 36, ""eval_duration"": 632140000, ""invalid_citations"": [], ""load_duration"": 2192800, ""prompt_eval_count"": 1697, ""prompt_eval_duration"": 1222906000, ""requested_max_tokens"": 256, ""requested_seed"": 42, ""requested_temperature"": 0.0, ""thinking_enabled"": false, ""total_duration"": 1868792200, ""truncation_retries"": 0, ""valid_citations"": [""reference/websockets-0""]}"
67797253ce57ea43fce43af34b004d4780e9f24c8a6a1e248500cb7761db1677,semantic|q19,semantic,q19,websockets,How do I create a WebSocket endpoint in FastAPI?,1305,e08b47b55d7237f38bcaba48c79a468a40b92e4f3120e968ae9ece999f5e8c2d,5,ollama,qwen2.5:3b,ollama,qwen2.5:3b,0.0,256,false,42,22086700,7313141100,7335420200,"[""advanced/websockets-4"", ""advanced/websockets-0"", ""advanced/websockets-8"", ""advanced/websockets-6"", ""reference/websockets-0""]","[""advanced/websockets-0"", ""advanced/websockets-3"", ""advanced/websockets-4"", ""advanced/websockets-6"", ""advanced/websockets-7"", ""advanced/websockets-8"", ""reference/fastapi-0"", ""reference/websockets-0""]","[""advanced/websockets-4"", ""advanced/websockets-0"", ""advanced/websockets-8"", ""advanced/websockets-6"", ""reference/websockets-0""]",5,1.0,0.625,true,1,1,"[""advanced/websockets-4""]",[],1,1.0,25,"To create a WebSocket endpoint in FastAPI, you can define a parameter of type `WebSocket` in your route function, as shown in the documentation: [advanced/websockets-4].","{""citation_count"": 1, ""citation_retry_count"": 1, ""citation_valid"": true, ""done_reason"": ""stop"", ""effective_max_tokens"": 256, ""eval_count"": 38, ""eval_duration"": 668646000, ""invalid_citations"": [], ""load_duration"": 2196200, ""prompt_eval_count"": 1532, ""prompt_eval_duration"": 1195629000, ""requested_max_tokens"": 256, ""requested_seed"": 42, ""requested_temperature"": 0.0, ""thinking_enabled"": false, ""total_duration"": 1875624700, ""truncation_retries"": 0, ""valid_citations"": [""advanced/websockets-4""]}"
67797253ce57ea43fce43af34b004d4780e9f24c8a6a1e248500cb7761db1677,optimized|q20,optimized,q20,websockets,How can a FastAPI application manage multiple WebSocket clients and disconnected connections?,1305,e08b47b55d7237f38bcaba48c79a468a40b92e4f3120e968ae9ece999f5e8c2d,5,ollama,qwen2.5:3b,ollama,qwen2.5:3b,0.0,256,false,42,10269700,7472403700,7482853500,"[""advanced/websockets-4"", ""advanced/websockets-9"", ""deployment/concepts-19"", ""reference/websockets-0"", ""deployment/concepts-18""]","[""advanced/websockets-9"", ""reference/websockets-1""]","[""advanced/websockets-9""]",1,0.2,0.5,true,1,1,"[""advanced/websockets-9""]",[],1,1.0,32,A FastAPI application can manage multiple WebSocket clients and disconnected connections by handling the `WebSocketDisconnect` exception and broadcasting messages to other connected clients. This is demonstrated in the example provided in [advanced/websockets-9].,"{""citation_count"": 1, ""citation_retry_count"": 1, ""citation_valid"": true, ""done_reason"": ""stop"", ""effective_max_tokens"": 256, ""eval_count"": 44, ""eval_duration"": 773946000, ""invalid_citations"": [], ""load_duration"": 2231100, ""prompt_eval_count"": 1517, ""prompt_eval_duration"": 1195988000, ""requested_max_tokens"": 256, ""requested_seed"": 42, ""requested_temperature"": 0.0, ""thinking_enabled"": false, ""total_duration"": 1983021700, ""truncation_retries"": 0, ""valid_citations"": [""advanced/websockets-9""]}"
67797253ce57ea43fce43af34b004d4780e9f24c8a6a1e248500cb7761db1677,semantic|q20,semantic,q20,websockets,How can a FastAPI application manage multiple WebSocket clients and disconnected connections?,1305,e08b47b55d7237f38bcaba48c79a468a40b92e4f3120e968ae9ece999f5e8c2d,5,ollama,qwen2.5:3b,ollama,qwen2.5:3b,0.0,256,false,42,22373000,7546501900,7569058500,"[""advanced/websockets-9"", ""reference/websockets-1"", ""advanced/websockets-4"", ""advanced/websockets-0"", ""tutorial/server-sent-events-9""]","[""advanced/websockets-9"", ""reference/websockets-1""]","[""advanced/websockets-9"", ""reference/websockets-1""]",2,0.4,1.0,true,1,1,"[""reference/websockets-1""]",[],1,1.0,25,A FastAPI application can manage multiple WebSocket clients and disconnected connections by catching the `WebSocketDisconnect` exception and broadcasting messages to the remaining connected clients. [reference/websockets-1],"{""citation_count"": 1, ""citation_retry_count"": 1, ""citation_valid"": true, ""done_reason"": ""stop"", ""effective_max_tokens"": 256, ""eval_count"": 37, ""eval_duration"": 636370000, ""invalid_citations"": [], ""load_duration"": 1713700, ""prompt_eval_count"": 1435, ""prompt_eval_duration"": 1196249000, ""requested_max_tokens"": 256, ""requested_seed"": 42, ""requested_temperature"": 0.0, ""thinking_enabled"": false, ""total_duration"": 1845204800, ""truncation_retries"": 0, ""valid_citations"": [""reference/websockets-1""]}"
67797253ce57ea43fce43af34b004d4780e9f24c8a6a1e248500cb7761db1677,no_rag|q20,no_rag,q20,websockets,How can a FastAPI application manage multiple WebSocket clients and disconnected connections?,1305,e08b47b55d7237f38bcaba48c79a468a40b92e4f3120e968ae9ece999f5e8c2d,,ollama,qwen2.5:3b,ollama,qwen2.5:3b,0.0,256,false,42,,515050500,515050500,[],"[""advanced/websockets-9"", ""reference/websockets-1""]",[],,,,,,,[],[],,,17,"Use asyncio for asynchronous handling, manage connections with `WebSocket` class, and implement reconnect logic for disconnected clients.","{""done_reason"": ""stop"", ""eval_count"": 23, ""eval_duration"": 364744000, ""load_duration"": 1609700, ""prompt_eval_count"": 81, ""prompt_eval_duration"": 131615000, ""requested_max_tokens"": 256, ""requested_seed"": 42, ""requested_temperature"": 0.0, ""thinking_enabled"": false, ""total_duration"": 512988100}"
67797253ce57ea43fce43af34b004d4780e9f24c8a6a1e248500cb7761db1677,semantic|q21,semantic,q21,deployment,How can I deploy a FastAPI application in a Docker container?,1305,e08b47b55d7237f38bcaba48c79a468a40b92e4f3120e968ae9ece999f5e8c2d,5,ollama,qwen2.5:3b,ollama,qwen2.5:3b,0.0,256,false,42,21777000,11003297600,11025230000,"[""deployment/docker-0"", ""deployment/server-workers-14"", ""deployment/docker-20"", ""deployment/fastapicloud-0"", ""deployment/docker-5""]","[""deployment/docker-0"", ""deployment/docker-15"", ""deployment/docker-16"", ""deployment/docker-2"", ""deployment/docker-20"", ""deployment/docker-22"", ""deployment/docker-3"", ""deployment/docker-34"", ""deployment/docker-35"", ""deployment/docker-36"", ""deployment/docker-4"", ""deployment/docker-5"", ""deployment/server-workers-14""]","[""deployment/docker-0"", ""deployment/server-workers-14"", ""deployment/docker-20"", ""deployment/docker-5""]",4,0.8,0.3076923076923077,true,1,1,"[""deployment/docker-5""]",[],1,1.0,56,"To deploy a FastAPI application in a Docker container, you can build a Docker image from scratch using the official Python image, as shown in the [deployment/docker-5] documentation. This approach is suitable for scenarios where you are using Kubernetes or similar tools, running on a Raspberry Pi, or using a cloud service that runs container images.","{""citation_count"": 1, ""citation_retry_count"": 1, ""citation_valid"": true, ""done_reason"": ""stop"", ""effective_max_tokens"": 256, ""eval_count"": 69, ""eval_duration"": 1207055000, ""invalid_citations"": [], ""load_duration"": 2454700, ""prompt_eval_count"": 1677, ""prompt_eval_duration"": 1222904000, ""requested_max_tokens"": 256, ""requested_seed"": 42, ""requested_temperature"": 0.0, ""thinking_enabled"": false, ""total_duration"": 2444202200, ""truncation_retries"": 0, ""valid_citations"": [""deployment/docker-5""]}"
67797253ce57ea43fce43af34b004d4780e9f24c8a6a1e248500cb7761db1677,no_rag|q21,no_rag,q21,deployment,How can I deploy a FastAPI application in a Docker container?,1305,e08b47b55d7237f38bcaba48c79a468a40b92e4f3120e968ae9ece999f5e8c2d,,ollama,qwen2.5:3b,ollama,qwen2.5:3b,0.0,256,false,42,,449336600,449336600,[],"[""deployment/docker-0"", ""deployment/docker-15"", ""deployment/docker-16"", ""deployment/docker-2"", ""deployment/docker-20"", ""deployment/docker-22"", ""deployment/docker-3"", ""deployment/docker-34"", ""deployment/docker-35"", ""deployment/docker-36"", ""deployment/docker-4"", ""deployment/docker-5"", ""deployment/server-workers-14""]",[],,,,,,,[],[],,,14,"Build your FastAPI application, create a Dockerfile, and use Docker to containerize your application.","{""done_reason"": ""stop"", ""eval_count"": 21, ""eval_duration"": 330882000, ""load_duration"": 2107900, ""prompt_eval_count"": 80, ""prompt_eval_duration"": 97187000, ""requested_max_tokens"": 256, ""requested_seed"": 42, ""requested_temperature"": 0.0, ""thinking_enabled"": false, ""total_duration"": 447182600}"
67797253ce57ea43fce43af34b004d4780e9f24c8a6a1e248500cb7761db1677,optimized|q21,optimized,q21,deployment,How can I deploy a FastAPI application in a Docker container?,1305,e08b47b55d7237f38bcaba48c79a468a40b92e4f3120e968ae9ece999f5e8c2d,5,ollama,qwen2.5:3b,ollama,qwen2.5:3b,0.0,256,false,42,10332000,7174329300,7184778800,"[""deployment/docker-36"", ""deployment/server-workers-14"", ""deployment/concepts-25"", ""deployment/docker-16"", ""tutorial/first-steps-30""]","[""deployment/docker-0"", ""deployment/docker-15"", ""deployment/docker-16"", ""deployment/docker-2"", ""deployment/docker-20"", ""deployment/docker-22"", ""deployment/docker-3"", ""deployment/docker-34"", ""deployment/docker-35"", ""deployment/docker-36"", ""deployment/docker-4"", ""deployment/docker-5"", ""deployment/server-workers-14""]","[""deployment/docker-36"", ""deployment/server-workers-14"", ""deployment/docker-16""]",3,0.6,0.23076923076923078,true,1,1,"[""deployment/docker-36""]",[],1,1.0,39,"Deploy your FastAPI application in a Docker container using Docker Compose in a single server, with a Kubernetes cluster, a Docker Swarm Mode cluster, another tool like Nomad, or with a cloud service that deploys your container image. [deployment/docker-36]","{""citation_count"": 1, ""citation_retry_count"": 1, ""citation_valid"": true, ""done_reason"": ""stop"", ""effective_max_tokens"": 256, ""eval_count"": 55, ""eval_duration"": 952891000, ""invalid_citations"": [], ""load_duration"": 1749800, ""prompt_eval_count"": 1097, ""prompt_eval_duration"": 1168875000, ""requested_max_tokens"": 256, ""requested_seed"": 42, ""requested_temperature"": 0.0, ""thinking_enabled"": false, ""total_duration"": 2131669600, ""truncation_retries"": 0, ""valid_citations"": [""deployment/docker-36""]}"
67797253ce57ea43fce43af34b004d4780e9f24c8a6a1e248500cb7761db1677,no_rag|q22,no_rag,q22,deployment,What are workers and when should I use multiple worker processes to run FastAPI?,1305,e08b47b55d7237f38bcaba48c79a468a40b92e4f3120e968ae9ece999f5e8c2d,,ollama,qwen2.5:3b,ollama,qwen2.5:3b,0.0,256,false,42,,488417800,488417800,[],"[""deployment/concepts-18"", ""deployment/concepts-19"", ""deployment/concepts-20"", ""deployment/concepts-23"", ""deployment/concepts-24"", ""deployment/concepts-5"", ""deployment/docker-24"", ""deployment/docker-26"", ""deployment/docker-27"", ""deployment/docker-28"", ""deployment/docker-35"", ""deployment/server-workers-0"", ""deployment/server-workers-1"", ""deployment/server-workers-12"", ""deployment/server-workers-13"", ""deployment/server-workers-15"", ""deployment/server-workers-2""]",[],,,,,,,[],[],,,17,Workers handle incoming requests in FastAPI. Use multiple workers for better performance and handling more concurrent requests.,"{""done_reason"": ""stop"", ""eval_count"": 21, ""eval_duration"": 338307000, ""load_duration"": 2131400, ""prompt_eval_count"": 83, ""prompt_eval_duration"": 133375000, ""requested_max_tokens"": 256, ""requested_seed"": 42, ""requested_temperature"": 0.0, ""thinking_enabled"": false, ""total_duration"": 486585100}"
67797253ce57ea43fce43af34b004d4780e9f24c8a6a1e248500cb7761db1677,optimized|q22,optimized,q22,deployment,What are workers and when should I use multiple worker processes to run FastAPI?,1305,e08b47b55d7237f38bcaba48c79a468a40b92e4f3120e968ae9ece999f5e8c2d,5,ollama,qwen2.5:3b,ollama,qwen2.5:3b,0.0,256,false,42,11858300,9285009600,9296994500,"[""deployment/concepts-19"", ""deployment/server-workers-1"", ""deployment/server-workers-2"", ""deployment/docker-28"", ""deployment/server-workers-0""]","[""deployment/concepts-18"", ""deployment/concepts-19"", ""deployment/concepts-20"", ""deployment/concepts-23"", ""deployment/concepts-24"", ""deployment/concepts-5"", ""deployment/docker-24"", ""deployment/docker-26"", ""deployment/docker-27"", ""deployment/docker-28"", ""deployment/docker-35"", ""deployment/server-workers-0"", ""deployment/server-workers-1"", ""deployment/server-workers-12"", ""deployment/server-workers-13"", ""deployment/server-workers-15"", ""deployment/server-workers-2""]","[""deployment/concepts-19"", ""deployment/server-workers-1"", ""deployment/server-workers-2"", ""deployment/docker-28"", ""deployment/server-workers-0""]",5,1.0,0.29411764705882354,true,1,1,"[""deployment/server-workers-0""]",[],1,1.0,51,"Workers are multiple processes of the same application that can run simultaneously to distribute requests among them. You should use multiple worker processes to run FastAPI when you have more clients than a single process can handle and your server has multiple cores, allowing for better request distribution and handling. [deployment/server-workers-0]","{""citation_count"": 1, ""citation_retry_count"": 1, ""citation_valid"": true, ""done_reason"": ""stop"", ""effective_max_tokens"": 256, ""eval_count"": 62, ""eval_duration"": 1078201000, ""invalid_citations"": [], ""load_duration"": 1795500, ""prompt_eval_count"": 1422, ""prompt_eval_duration"": 1194735000, ""requested_max_tokens"": 256, ""requested_seed"": 42, ""requested_temperature"": 0.0, ""thinking_enabled"": false, ""total_duration"": 2283560300, ""truncation_retries"": 0, ""valid_citations"": [""deployment/server-workers-0""]}"
67797253ce57ea43fce43af34b004d4780e9f24c8a6a1e248500cb7761db1677,semantic|q22,semantic,q22,deployment,What are workers and when should I use multiple worker processes to run FastAPI?,1305,e08b47b55d7237f38bcaba48c79a468a40b92e4f3120e968ae9ece999f5e8c2d,5,ollama,qwen2.5:3b,ollama,qwen2.5:3b,0.0,256,false,42,22365300,4887147300,4909707700,"[""deployment/concepts-19"", ""deployment/server-workers-1"", ""deployment/server-workers-2"", ""deployment/server-workers-15"", ""deployment/concepts-18""]","[""deployment/concepts-18"", ""deployment/concepts-19"", ""deployment/concepts-20"", ""deployment/concepts-23"", ""deployment/concepts-24"", ""deployment/concepts-5"", ""deployment/docker-24"", ""deployment/docker-26"", ""deployment/docker-27"", ""deployment/docker-28"", ""deployment/docker-35"", ""deployment/server-workers-0"", ""deployment/server-workers-1"", ""deployment/server-workers-12"", ""deployment/server-workers-13"", ""deployment/server-workers-15"", ""deployment/server-workers-2""]","[""deployment/concepts-19"", ""deployment/server-workers-1"", ""deployment/server-workers-2"", ""deployment/server-workers-15"", ""deployment/concepts-18""]",5,1.0,0.29411764705882354,true,1,1,"[""deployment/concepts-19""]",[],1,1.0,44,Workers are multiple processes of the same application that run in parallel to distribute requests among them. You should use multiple worker processes to run FastAPI when you have more clients than a single process can handle and your server has multiple cores. [deployment/concepts-19],"{""citation_count"": 1, ""citation_retry_count"": 1, ""citation_valid"": true, ""done_reason"": ""stop"", ""effective_max_tokens"": 256, ""eval_count"": 55, ""eval_duration"": 952525000, ""invalid_citations"": [], ""load_duration"": 1815300, ""prompt_eval_count"": 1113, ""prompt_eval_duration"": 1169369000, ""requested_max_tokens"": 256, ""requested_seed"": 42, ""requested_temperature"": 0.0, ""thinking_enabled"": false, ""total_duration"": 2133994900, ""truncation_retries"": 0, ""valid_citations"": [""deployment/concepts-19""]}"
67797253ce57ea43fce43af34b004d4780e9f24c8a6a1e248500cb7761db1677,optimized|q23,optimized,q23,deployment,"What deployment concepts should I consider for startup, restarts, replication, memory, and HTTPS?",1305,e08b47b55d7237f38bcaba48c79a468a40b92e4f3120e968ae9ece999f5e8c2d,5,ollama,qwen2.5:3b,ollama,qwen2.5:3b,0.0,256,false,42,9092600,5529609600,5538834200,"[""deployment/server-workers-13"", ""deployment/docker-21"", ""deployment/manually-11"", ""deployment/docker-23"", ""deployment/concepts-30""]","[""advanced/events-6"", ""deployment/concepts-0"", ""deployment/concepts-11"", ""deployment/concepts-12"", ""deployment/concepts-18"", ""deployment/concepts-21"", ""deployment/concepts-24"", ""deployment/concepts-27"", ""deployment/concepts-29"", ""deployment/concepts-30"", ""deployment/docker-21"", ""deployment/docker-23"", ""deployment/docker-31"", ""deployment/docker-38"", ""deployment/https-1"", ""deployment/https-21"", ""deployment/manually-11"", ""deployment/server-workers-0"", ""deployment/server-workers-13"", ""deployment/server-workers-15""]","[""deployment/server-workers-13"", ""deployment/docker-21"", ""deployment/manually-11"", ""deployment/docker-23"", ""deployment/concepts-30""]",5,1.0,0.25,true,0,1,"[""deployment/concepts-30""]",[],1,1.0,21,"These deployment concepts should be considered: Security - HTTPS, Running on startup, Restarts, Replication (the number of processes running), Memory. [deployment/concepts-30]","{""citation_count"": 1, ""citation_retry_count"": 0, ""citation_valid"": true, ""done_reason"": ""stop"", ""effective_max_tokens"": 256, ""eval_count"": 38, ""eval_duration"": 643512000, ""invalid_citations"": [], ""load_duration"": 1915900, ""prompt_eval_count"": 1158, ""prompt_eval_duration"": 4862751000, ""requested_max_tokens"": 256, ""requested_seed"": 42, ""requested_temperature"": 0.0, ""thinking_enabled"": false, ""total_duration"": 5527731300, ""truncation_retries"": 0, ""valid_citations"": [""deployment/concepts-30""]}"
67797253ce57ea43fce43af34b004d4780e9f24c8a6a1e248500cb7761db1677,semantic|q23,semantic,q23,deployment,"What deployment concepts should I consider for startup, restarts, replication, memory, and HTTPS?",1305,e08b47b55d7237f38bcaba48c79a468a40b92e4f3120e968ae9ece999f5e8c2d,5,ollama,qwen2.5:3b,ollama,qwen2.5:3b,0.0,256,false,42,23060900,7800770300,7823995600,"[""deployment/concepts-30"", ""deployment/manually-11"", ""deployment/server-workers-13"", ""deployment/docker-21"", ""deployment/concepts-0""]","[""advanced/events-6"", ""deployment/concepts-0"", ""deployment/concepts-11"", ""deployment/concepts-12"", ""deployment/concepts-18"", ""deployment/concepts-21"", ""deployment/concepts-24"", ""deployment/concepts-27"", ""deployment/concepts-29"", ""deployment/concepts-30"", ""deployment/docker-21"", ""deployment/docker-23"", ""deployment/docker-31"", ""deployment/docker-38"", ""deployment/https-1"", ""deployment/https-21"", ""deployment/manually-11"", ""deployment/server-workers-0"", ""deployment/server-workers-13"", ""deployment/server-workers-15""]","[""deployment/concepts-30"", ""deployment/manually-11"", ""deployment/server-workers-13"", ""deployment/docker-21"", ""deployment/concepts-0""]",5,1.0,0.25,true,1,1,"[""deployment/concepts-0""]",[],1,1.0,15,"Security - HTTPS, Running on startup, Restarts, Replication (the number of processes running), Memory. [deployment/concepts-0]","{""citation_count"": 1, ""citation_retry_count"": 1, ""citation_valid"": true, ""done_reason"": ""stop"", ""effective_max_tokens"": 256, ""eval_count"": 30, ""eval_duration"": 517009000, ""invalid_citations"": [], ""load_duration"": 2238800, ""prompt_eval_count"": 1537, ""prompt_eval_duration"": 1225082000, ""requested_max_tokens"": 256, ""requested_seed"": 42, ""requested_temperature"": 0.0, ""thinking_enabled"": false, ""total_duration"": 1754288500, ""truncation_retries"": 0, ""valid_citations"": [""deployment/concepts-0""]}"
67797253ce57ea43fce43af34b004d4780e9f24c8a6a1e248500cb7761db1677,no_rag|q23,no_rag,q23,deployment,"What deployment concepts should I consider for startup, restarts, replication, memory, and HTTPS?",1305,e08b47b55d7237f38bcaba48c79a468a40b92e4f3120e968ae9ece999f5e8c2d,,ollama,qwen2.5:3b,ollama,qwen2.5:3b,0.0,256,false,42,,615420700,615420700,[],"[""advanced/events-6"", ""deployment/concepts-0"", ""deployment/concepts-11"", ""deployment/concepts-12"", ""deployment/concepts-18"", ""deployment/concepts-21"", ""deployment/concepts-24"", ""deployment/concepts-27"", ""deployment/concepts-29"", ""deployment/concepts-30"", ""deployment/docker-21"", ""deployment/docker-23"", ""deployment/docker-31"", ""deployment/docker-38"", ""deployment/https-1"", ""deployment/https-21"", ""deployment/manually-11"", ""deployment/server-workers-0"", ""deployment/server-workers-13"", ""deployment/server-workers-15""]",[],,,,,,,[],[],,,18,"Consider using Kubernetes for deployment, StatefulSets for startup and restarts, replicas for replication, and NGINX Ingress for HTTPS.","{""done_reason"": ""stop"", ""eval_count"": 29, ""eval_duration"": 458942000, ""load_duration"": 1679700, ""prompt_eval_count"": 86, ""prompt_eval_duration"": 133342000, ""requested_max_tokens"": 256, ""requested_seed"": 42, ""requested_temperature"": 0.0, ""thinking_enabled"": false, ""total_duration"": 613258300}"
67797253ce57ea43fce43af34b004d4780e9f24c8a6a1e248500cb7761db1677,semantic|q24,semantic,q24,deployment,How should FastAPI be configured when it runs behind a proxy that adds a path prefix?,1305,e08b47b55d7237f38bcaba48c79a468a40b92e4f3120e968ae9ece999f5e8c2d,5,ollama,qwen2.5:3b,ollama,qwen2.5:3b,0.0,256,false,42,23768900,7152757200,7176726900,"[""advanced/behind-a-proxy-6"", ""advanced/sub-applications-6"", ""advanced/behind-a-proxy-23"", ""advanced/behind-a-proxy-11"", ""advanced/behind-a-proxy-22""]","[""advanced/behind-a-proxy-0"", ""advanced/behind-a-proxy-10"", ""advanced/behind-a-proxy-11"", ""advanced/behind-a-proxy-13"", ""advanced/behind-a-proxy-18"", ""advanced/behind-a-proxy-19"", ""advanced/behind-a-proxy-2"", ""advanced/behind-a-proxy-20"", ""advanced/behind-a-proxy-22"", ""advanced/behind-a-proxy-3"", ""advanced/behind-a-proxy-5"", ""advanced/behind-a-proxy-6"", ""advanced/behind-a-proxy-7"", ""advanced/behind-a-proxy-8"", ""advanced/sub-applications-6"", ""deployment/https-19"", ""tutorial/security/first-steps-8""]","[""advanced/behind-a-proxy-6"", ""advanced/sub-applications-6"", ""advanced/behind-a-proxy-11"", ""advanced/behind-a-proxy-22""]",4,0.8,0.23529411764705882,true,0,1,"[""advanced/behind-a-proxy-11""]",[],1,1.0,18,"FastAPI should be configured by setting the `root_path` parameter when creating your FastAPI app, as described in [advanced/behind-a-proxy-11].","{""citation_count"": 1, ""citation_retry_count"": 0, ""citation_valid"": true, ""done_reason"": ""stop"", ""effective_max_tokens"": 256, ""eval_count"": 35, ""eval_duration"": 603134000, ""invalid_citations"": [], ""load_duration"": 2615800, ""prompt_eval_count"": 1276, ""prompt_eval_duration"": 6531208000, ""requested_max_tokens"": 256, ""requested_seed"": 42, ""requested_temperature"": 0.0, ""thinking_enabled"": false, ""total_duration"": 7150471900, ""truncation_retries"": 0, ""valid_citations"": [""advanced/behind-a-proxy-11""]}"
67797253ce57ea43fce43af34b004d4780e9f24c8a6a1e248500cb7761db1677,no_rag|q24,no_rag,q24,deployment,How should FastAPI be configured when it runs behind a proxy that adds a path prefix?,1305,e08b47b55d7237f38bcaba48c79a468a40b92e4f3120e968ae9ece999f5e8c2d,,ollama,qwen2.5:3b,ollama,qwen2.5:3b,0.0,256,false,42,,672672400,672672400,[],"[""advanced/behind-a-proxy-0"", ""advanced/behind-a-proxy-10"", ""advanced/behind-a-proxy-11"", ""advanced/behind-a-proxy-13"", ""advanced/behind-a-proxy-18"", ""advanced/behind-a-proxy-19"", ""advanced/behind-a-proxy-2"", ""advanced/behind-a-proxy-20"", ""advanced/behind-a-proxy-22"", ""advanced/behind-a-proxy-3"", ""advanced/behind-a-proxy-5"", ""advanced/behind-a-proxy-6"", ""advanced/behind-a-proxy-7"", ""advanced/behind-a-proxy-8"", ""advanced/sub-applications-6"", ""deployment/https-19"", ""tutorial/security/first-steps-8""]",[],,,,,,,[],[],,,20,Configure FastAPI to strip the path prefix from the incoming requests by setting the `proxy_prefix` parameter in the `fastapi.middleware.proxy_fix` middleware.,"{""done_reason"": ""stop"", ""eval_count"": 32, ""eval_duration"": 518058000, ""load_duration"": 1620400, ""prompt_eval_count"": 85, ""prompt_eval_duration"": 131699999, ""requested_max_tokens"": 256, ""requested_seed"": 42, ""requested_temperature"": 0.0, ""thinking_enabled"": false, ""total_duration"": 670527600}"
67797253ce57ea43fce43af34b004d4780e9f24c8a6a1e248500cb7761db1677,optimized|q24,optimized,q24,deployment,How should FastAPI be configured when it runs behind a proxy that adds a path prefix?,1305,e08b47b55d7237f38bcaba48c79a468a40b92e4f3120e968ae9ece999f5e8c2d,5,ollama,qwen2.5:3b,ollama,qwen2.5:3b,0.0,256,false,42,12124500,6473700300,6485971700,"[""advanced/behind-a-proxy-6"", ""deployment/docker-12"", ""advanced/behind-a-proxy-0"", ""advanced/behind-a-proxy-13"", ""deployment/https-20""]","[""advanced/behind-a-proxy-0"", ""advanced/behind-a-proxy-10"", ""advanced/behind-a-proxy-11"", ""advanced/behind-a-proxy-13"", ""advanced/behind-a-proxy-18"", ""advanced/behind-a-proxy-19"", ""advanced/behind-a-proxy-2"", ""advanced/behind-a-proxy-20"", ""advanced/behind-a-proxy-22"", ""advanced/behind-a-proxy-3"", ""advanced/behind-a-proxy-5"", ""advanced/behind-a-proxy-6"", ""advanced/behind-a-proxy-7"", ""advanced/behind-a-proxy-8"", ""advanced/sub-applications-6"", ""deployment/https-19"", ""tutorial/security/first-steps-8""]","[""advanced/behind-a-proxy-6"", ""advanced/behind-a-proxy-0"", ""advanced/behind-a-proxy-13""]",3,0.6,0.17647058823529413,true,1,1,"[""deployment/docker-12""]",[],0,0.0,20,FastAPI should be configured with the `--proxy-headers` option when running behind a TLS termination proxy like Nginx or Traefik [deployment/docker-12].,"{""citation_count"": 1, ""citation_retry_count"": 1, ""citation_valid"": true, ""done_reason"": ""stop"", ""effective_max_tokens"": 256, ""eval_count"": 37, ""eval_duration"": 644841000, ""invalid_citations"": [], ""load_duration"": 2336500, ""prompt_eval_count"": 1557, ""prompt_eval_duration"": 1224201000, ""requested_max_tokens"": 256, ""requested_seed"": 42, ""requested_temperature"": 0.0, ""thinking_enabled"": false, ""total_duration"": 1880169800, ""truncation_retries"": 0, ""valid_citations"": [""deployment/docker-12""]}"
67797253ce57ea43fce43af34b004d4780e9f24c8a6a1e248500cb7761db1677,no_rag|q25,no_rag,q25,testing,How do I test FastAPI endpoints using TestClient?,1305,e08b47b55d7237f38bcaba48c79a468a40b92e4f3120e968ae9ece999f5e8c2d,,ollama,qwen2.5:3b,ollama,qwen2.5:3b,0.0,256,false,42,,386125600,386125600,[],"[""advanced/async-tests-0"", ""advanced/async-tests-2"", ""advanced/testing-websockets-0"", ""reference/testclient-0"", ""tutorial/testing-0"", ""tutorial/testing-1"", ""tutorial/testing-2"", ""tutorial/testing-8""]",[],,,,,,,[],[],,,13,Use the TestClient to send HTTP requests to your FastAPI endpoints for testing.,"{""done_reason"": ""stop"", ""eval_count"": 17, ""eval_duration"": 265437000, ""load_duration"": 2152500, ""prompt_eval_count"": 78, ""prompt_eval_duration"": 96763000, ""requested_max_tokens"": 256, ""requested_seed"": 42, ""requested_temperature"": 0.0, ""thinking_enabled"": false, ""total_duration"": 384375600}"
67797253ce57ea43fce43af34b004d4780e9f24c8a6a1e248500cb7761db1677,optimized|q25,optimized,q25,testing,How do I test FastAPI endpoints using TestClient?,1305,e08b47b55d7237f38bcaba48c79a468a40b92e4f3120e968ae9ece999f5e8c2d,5,ollama,qwen2.5:3b,ollama,qwen2.5:3b,0.0,256,false,42,6743400,9041946700,9048801900,"[""reference/testclient-0"", ""tutorial/testing-1"", ""advanced/async-tests-2"", ""advanced/testing-websockets-0"", ""advanced/async-tests-0""]","[""advanced/async-tests-0"", ""advanced/async-tests-2"", ""advanced/testing-websockets-0"", ""reference/testclient-0"", ""tutorial/testing-0"", ""tutorial/testing-1"", ""tutorial/testing-2"", ""tutorial/testing-8""]","[""reference/testclient-0"", ""tutorial/testing-1"", ""advanced/async-tests-2"", ""advanced/testing-websockets-0"", ""advanced/async-tests-0""]",5,1.0,0.625,true,1,1,"[""reference/testclient-0""]",[],1,1.0,31,"You can use the `TestClient` class to test FastAPI applications without creating an actual HTTP and socket connection, just communicating directly with the FastAPI code. Import it directly from `fastapi.testclient` [reference/testclient-0].","{""citation_count"": 1, ""citation_retry_count"": 1, ""citation_valid"": true, ""done_reason"": ""stop"", ""effective_max_tokens"": 256, ""eval_count"": 50, ""eval_duration"": 865477000, ""invalid_citations"": [], ""load_duration"": 2762400, ""prompt_eval_count"": 1455, ""prompt_eval_duration"": 1195872000, ""requested_max_tokens"": 256, ""requested_seed"": 42, ""requested_temperature"": 0.0, ""thinking_enabled"": false, ""total_duration"": 2076048200, ""truncation_retries"": 0, ""valid_citations"": [""reference/testclient-0""]}"
67797253ce57ea43fce43af34b004d4780e9f24c8a6a1e248500cb7761db1677,semantic|q25,semantic,q25,testing,How do I test FastAPI endpoints using TestClient?,1305,e08b47b55d7237f38bcaba48c79a468a40b92e4f3120e968ae9ece999f5e8c2d,5,ollama,qwen2.5:3b,ollama,qwen2.5:3b,0.0,256,false,42,21016200,8229615100,8250737700,"[""reference/testclient-0"", ""tutorial/testing-2"", ""tutorial/testing-1"", ""tutorial/testing-0"", ""advanced/async-tests-2""]","[""advanced/async-tests-0"", ""advanced/async-tests-2"", ""advanced/testing-websockets-0"", ""reference/testclient-0"", ""tutorial/testing-0"", ""tutorial/testing-1"", ""tutorial/testing-2"", ""tutorial/testing-8""]","[""reference/testclient-0"", ""tutorial/testing-2"", ""tutorial/testing-1"", ""tutorial/testing-0"", ""advanced/async-tests-2""]",5,1.0,0.625,true,1,1,"[""tutorial/testing-2""]",[],1,1.0,50,"You can test FastAPI endpoints using the `TestClient` class by importing it from `fastapi.testclient` and creating a `TestClient` object by passing your FastAPI application to it. Then, you can use the `TestClient` object to call your FastAPI endpoints, similar to how you would use `httpx` for making HTTP requests. [tutorial/testing-2]","{""citation_count"": 1, ""citation_retry_count"": 1, ""citation_valid"": true, ""done_reason"": ""stop"", ""effective_max_tokens"": 256, ""eval_count"": 80, ""eval_duration"": 1416908000, ""invalid_citations"": [], ""load_duration"": 2467400, ""prompt_eval_count"": 1426, ""prompt_eval_duration"": 1196313000, ""requested_max_tokens"": 256, ""requested_seed"": 42, ""requested_temperature"": 0.0, ""thinking_enabled"": false, ""total_duration"": 2624450800, ""truncation_retries"": 0, ""valid_citations"": [""tutorial/testing-2""]}"
67797253ce57ea43fce43af34b004d4780e9f24c8a6a1e248500cb7761db1677,optimized|q26,optimized,q26,testing,How can I override dependencies during FastAPI tests?,1305,e08b47b55d7237f38bcaba48c79a468a40b92e4f3120e968ae9ece999f5e8c2d,5,ollama,qwen2.5:3b,ollama,qwen2.5:3b,0.0,256,false,42,7342500,8272569600,8280047600,"[""advanced/testing-dependencies-1"", ""advanced/testing-dependencies-3"", ""advanced/async-tests-0"", ""history-design-future-4"", ""tutorial/testing-3""]","[""advanced/settings-11"", ""advanced/settings-19"", ""advanced/testing-dependencies-0"", ""advanced/testing-dependencies-1"", ""advanced/testing-dependencies-3""]","[""advanced/testing-dependencies-1"", ""advanced/testing-dependencies-3""]",2,0.4,0.4,true,1,1,"[""advanced/testing-dependencies-3""]",[],1,1.0,43,"You can override dependencies during FastAPI tests by using the `app.dependency_overrides` attribute, which is a simple `dict`. To override a dependency for testing, you put as a key the original dependency (a function), and as the value, your dependency override (another function) [advanced/testing-dependencies-3].","{""citation_count"": 1, ""citation_retry_count"": 1, ""citation_valid"": true, ""done_reason"": ""stop"", ""effective_max_tokens"": 256, ""eval_count"": 67, ""eval_duration"": 1178522000, ""invalid_citations"": [], ""load_duration"": 1626500, ""prompt_eval_count"": 1402, ""prompt_eval_duration"": 1195827000, ""requested_max_tokens"": 256, ""requested_seed"": 42, ""requested_temperature"": 0.0, ""thinking_enabled"": false, ""total_duration"": 2385110400, ""truncation_retries"": 0, ""valid_citations"": [""advanced/testing-dependencies-3""]}"
67797253ce57ea43fce43af34b004d4780e9f24c8a6a1e248500cb7761db1677,semantic|q26,semantic,q26,testing,How can I override dependencies during FastAPI tests?,1305,e08b47b55d7237f38bcaba48c79a468a40b92e4f3120e968ae9ece999f5e8c2d,5,ollama,qwen2.5:3b,ollama,qwen2.5:3b,0.0,256,false,42,19463400,7069228700,7088858100,"[""advanced/testing-dependencies-3"", ""advanced/testing-dependencies-0"", ""advanced/testing-dependencies-1"", ""index-42"", ""tutorial/dependencies/dependencies-in-path-operation-decorators-7""]","[""advanced/settings-11"", ""advanced/settings-19"", ""advanced/testing-dependencies-0"", ""advanced/testing-dependencies-1"", ""advanced/testing-dependencies-3""]","[""advanced/testing-dependencies-3"", ""advanced/testing-dependencies-0"", ""advanced/testing-dependencies-1""]",3,0.6,0.6,true,1,1,"[""advanced/testing-dependencies-3""]",[],1,1.0,44,"To override dependencies during FastAPI tests, you can use the `app.dependency_overrides` attribute, which is a simple `dict`. You put the original dependency as a key and your dependency override as the value. Then, FastAPI will call the override instead of the original dependency. [advanced/testing-dependencies-3]","{""citation_count"": 1, ""citation_retry_count"": 1, ""citation_valid"": true, ""done_reason"": ""stop"", ""effective_max_tokens"": 256, ""eval_count"": 67, ""eval_duration"": 1174957000, ""invalid_citations"": [], ""load_duration"": 2371400, ""prompt_eval_count"": 1228, ""prompt_eval_duration"": 1170382000, ""requested_max_tokens"": 256, ""requested_seed"": 42, ""requested_temperature"": 0.0, ""thinking_enabled"": false, ""total_duration"": 2356981500, ""truncation_retries"": 0, ""valid_citations"": [""advanced/testing-dependencies-3""]}"
67797253ce57ea43fce43af34b004d4780e9f24c8a6a1e248500cb7761db1677,no_rag|q26,no_rag,q26,testing,How can I override dependencies during FastAPI tests?,1305,e08b47b55d7237f38bcaba48c79a468a40b92e4f3120e968ae9ece999f5e8c2d,,ollama,qwen2.5:3b,ollama,qwen2.5:3b,0.0,256,false,42,,526828900,526828900,[],"[""advanced/settings-11"", ""advanced/settings-19"", ""advanced/testing-dependencies-0"", ""advanced/testing-dependencies-1"", ""advanced/testing-dependencies-3""]",[],,,,,,,[],[],,,21,"Override dependencies in tests by defining a pytest fixture that returns the desired dependency, ensuring it's used in your test functions.","{""done_reason"": ""stop"", ""eval_count"": 25, ""eval_duration"": 405122000, ""load_duration"": 1760600, ""prompt_eval_count"": 77, ""prompt_eval_duration"": 97585000, ""requested_max_tokens"": 256, ""requested_seed"": 42, ""requested_temperature"": 0.0, ""thinking_enabled"": false, ""total_duration"": 525035200}"
67797253ce57ea43fce43af34b004d4780e9f24c8a6a1e248500cb7761db1677,semantic|q27,semantic,q27,advanced,How can I use lifespan events to initialize and clean up shared resources in FastAPI?,1305,e08b47b55d7237f38bcaba48c79a468a40b92e4f3120e968ae9ece999f5e8c2d,5,ollama,qwen2.5:3b,ollama,qwen2.5:3b,0.0,256,false,42,22493500,13376690100,13399410000,"[""advanced/events-2"", ""advanced/events-5"", ""advanced/events-0"", ""tutorial/server-sent-events-9"", ""index-27""]","[""advanced/events-0"", ""advanced/events-10"", ""advanced/events-2"", ""advanced/events-3"", ""advanced/events-4"", ""advanced/events-5"", ""advanced/events-6"", ""advanced/events-8"", ""advanced/events-9"", ""advanced/testing-events-0""]","[""advanced/events-2"", ""advanced/events-5"", ""advanced/events-0""]",3,0.6,0.3,true,1,1,"[""advanced/events-0""]",[],1,1.0,104,"You can use lifespan events to initialize and clean up shared resources in FastAPI by defining an `async def` function for the `lifespan` parameter of the `FastAPI` app. This function should contain the logic for setting up resources that are needed for the whole application and that are shared among requests, and for cleaning up these resources afterwards. This can be very useful for setting up resources that you need to use for the whole app, and that are shared among requests, and/or that you need to clean up afterwards. For example, a database connection pool, or loading a shared machine learning model. ([advanced/events-0])","{""citation_count"": 1, ""citation_retry_count"": 1, ""citation_valid"": true, ""done_reason"": ""stop"", ""effective_max_tokens"": 256, ""eval_count"": 130, ""eval_duration"": 2360931000, ""invalid_citations"": [], ""load_duration"": 2114400, ""prompt_eval_count"": 1891, ""prompt_eval_duration"": 1249040000, ""requested_max_tokens"": 256, ""requested_seed"": 42, ""requested_temperature"": 0.0, ""thinking_enabled"": false, ""total_duration"": 3631033200, ""truncation_retries"": 0, ""valid_citations"": [""advanced/events-0""]}"
67797253ce57ea43fce43af34b004d4780e9f24c8a6a1e248500cb7761db1677,no_rag|q27,no_rag,q27,advanced,How can I use lifespan events to initialize and clean up shared resources in FastAPI?,1305,e08b47b55d7237f38bcaba48c79a468a40b92e4f3120e968ae9ece999f5e8c2d,,ollama,qwen2.5:3b,ollama,qwen2.5:3b,0.0,256,false,42,,460130800,460130800,[],"[""advanced/events-0"", ""advanced/events-10"", ""advanced/events-2"", ""advanced/events-3"", ""advanced/events-4"", ""advanced/events-5"", ""advanced/events-6"", ""advanced/events-8"", ""advanced/events-9"", ""advanced/testing-events-0""]",[],,,,,,,[],[],,,17,Use lifespan events to initialize resources before the application starts and clean them up after it stops.,"{""done_reason"": ""stop"", ""eval_count"": 19, ""eval_duration"": 302282000, ""load_duration"": 1650300, ""prompt_eval_count"": 84, ""prompt_eval_duration"": 132806000, ""requested_max_tokens"": 256, ""requested_seed"": 42, ""requested_temperature"": 0.0, ""thinking_enabled"": false, ""total_duration"": 458092400}"
67797253ce57ea43fce43af34b004d4780e9f24c8a6a1e248500cb7761db1677,optimized|q27,optimized,q27,advanced,How can I use lifespan events to initialize and clean up shared resources in FastAPI?,1305,e08b47b55d7237f38bcaba48c79a468a40b92e4f3120e968ae9ece999f5e8c2d,5,ollama,qwen2.5:3b,ollama,qwen2.5:3b,0.0,256,false,42,10599900,9374076900,9384803600,"[""advanced/events-0"", ""advanced/testing-events-0"", ""advanced/events-9"", ""resources/index-0"", ""advanced/events-5""]","[""advanced/events-0"", ""advanced/events-10"", ""advanced/events-2"", ""advanced/events-3"", ""advanced/events-4"", ""advanced/events-5"", ""advanced/events-6"", ""advanced/events-8"", ""advanced/events-9"", ""advanced/testing-events-0""]","[""advanced/events-0"", ""advanced/testing-events-0"", ""advanced/events-9"", ""advanced/events-5""]",4,0.8,0.4,true,1,1,"[""advanced/events-0""]",[],1,1.0,48,"You can use lifespan events to initialize and clean up shared resources in FastAPI by defining event handlers (functions) that need to be executed before the application starts up, or when the application is shutting down. These functions can be declared with `async def` or normal `def`. [advanced/events-0]","{""citation_count"": 1, ""citation_retry_count"": 1, ""citation_valid"": true, ""done_reason"": ""stop"", ""effective_max_tokens"": 256, ""eval_count"": 63, ""eval_duration"": 1100020000, ""invalid_citations"": [], ""load_duration"": 2207900, ""prompt_eval_count"": 1431, ""prompt_eval_duration"": 1195154000, ""requested_max_tokens"": 256, ""requested_seed"": 42, ""requested_temperature"": 0.0, ""thinking_enabled"": false, ""total_duration"": 2309422000, ""truncation_retries"": 0, ""valid_citations"": [""advanced/events-0""]}"
67797253ce57ea43fce43af34b004d4780e9f24c8a6a1e248500cb7761db1677,no_rag|q28,no_rag,q28,advanced,How can I create a custom exception handler in FastAPI?,1305,e08b47b55d7237f38bcaba48c79a468a40b92e4f3120e968ae9ece999f5e8c2d,,ollama,qwen2.5:3b,ollama,qwen2.5:3b,0.0,256,false,42,,490979900,490979900,[],"[""how-to/custom-request-and-route-6"", ""reference/responses-0"", ""tutorial/handling-errors-11"", ""tutorial/handling-errors-12"", ""tutorial/handling-errors-6"", ""tutorial/handling-errors-7"", ""tutorial/handling-errors-8"", ""tutorial/handling-errors-9""]",[],,,,,,,[],[],,,20,Create a custom exception handler by defining a function that matches the exception type and FastAPI will automatically use it.,"{""done_reason"": ""stop"", ""eval_count"": 23, ""eval_duration"": 369103000, ""load_duration"": 1638400, ""prompt_eval_count"": 79, ""prompt_eval_duration"": 98291000, ""requested_max_tokens"": 256, ""requested_seed"": 42, ""requested_temperature"": 0.0, ""thinking_enabled"": false, ""total_duration"": 488750300}"
67797253ce57ea43fce43af34b004d4780e9f24c8a6a1e248500cb7761db1677,optimized|q28,optimized,q28,advanced,How can I create a custom exception handler in FastAPI?,1305,e08b47b55d7237f38bcaba48c79a468a40b92e4f3120e968ae9ece999f5e8c2d,5,ollama,qwen2.5:3b,ollama,qwen2.5:3b,0.0,256,false,42,10796900,9262099900,9273056800,"[""how-to/custom-request-and-route-6"", ""tutorial/handling-errors-6"", ""tutorial/dependencies/dependencies-with-yield-5"", ""tutorial/handling-errors-8"", ""advanced/advanced-dependencies-11""]","[""how-to/custom-request-and-route-6"", ""reference/responses-0"", ""tutorial/handling-errors-11"", ""tutorial/handling-errors-12"", ""tutorial/handling-errors-6"", ""tutorial/handling-errors-7"", ""tutorial/handling-errors-8"", ""tutorial/handling-errors-9""]","[""how-to/custom-request-and-route-6"", ""tutorial/handling-errors-6"", ""tutorial/handling-errors-8""]",3,0.6,0.375,true,0,1,"[""tutorial/handling-errors-6""]",[],1,1.0,23,"You can create a custom exception handler in FastAPI by using the `@app.exception_handler()` decorator, as shown in the example from the documentation: [tutorial/handling-errors-6].","{""citation_count"": 1, ""citation_retry_count"": 0, ""citation_valid"": true, ""done_reason"": ""stop"", ""effective_max_tokens"": 256, ""eval_count"": 40, ""eval_duration"": 694694000, ""invalid_citations"": [], ""load_duration"": 2793700, ""prompt_eval_count"": 1640, ""prompt_eval_duration"": 8547294000, ""requested_max_tokens"": 256, ""requested_seed"": 42, ""requested_temperature"": 0.0, ""thinking_enabled"": false, ""total_duration"": 9259763600, ""truncation_retries"": 0, ""valid_citations"": [""tutorial/handling-errors-6""]}"
67797253ce57ea43fce43af34b004d4780e9f24c8a6a1e248500cb7761db1677,semantic|q28,semantic,q28,advanced,How can I create a custom exception handler in FastAPI?,1305,e08b47b55d7237f38bcaba48c79a468a40b92e4f3120e968ae9ece999f5e8c2d,5,ollama,qwen2.5:3b,ollama,qwen2.5:3b,0.0,256,false,42,19438900,7051919900,7071556100,"[""tutorial/handling-errors-6"", ""tutorial/handling-errors-7"", ""tutorial/handling-errors-12"", ""tutorial/handling-errors-8"", ""tutorial/handling-errors-9""]","[""how-to/custom-request-and-route-6"", ""reference/responses-0"", ""tutorial/handling-errors-11"", ""tutorial/handling-errors-12"", ""tutorial/handling-errors-6"", ""tutorial/handling-errors-7"", ""tutorial/handling-errors-8"", ""tutorial/handling-errors-9""]","[""tutorial/handling-errors-6"", ""tutorial/handling-errors-7"", ""tutorial/handling-errors-12"", ""tutorial/handling-errors-8"", ""tutorial/handling-errors-9""]",5,1.0,0.625,true,0,1,"[""tutorial/handling-errors-6""]",[],1,1.0,21,You can create a custom exception handler in FastAPI by adding a custom exception handler with `@app.exception_handler()` as shown in [tutorial/handling-errors-6].,"{""citation_count"": 1, ""citation_retry_count"": 0, ""citation_valid"": true, ""done_reason"": ""stop"", ""effective_max_tokens"": 256, ""eval_count"": 36, ""eval_duration"": 616917000, ""invalid_citations"": [], ""load_duration"": 2226100, ""prompt_eval_count"": 1465, ""prompt_eval_duration"": 6399340000, ""requested_max_tokens"": 256, ""requested_seed"": 42, ""requested_temperature"": 0.0, ""thinking_enabled"": false, ""total_duration"": 7049036400, ""truncation_retries"": 0, ""valid_citations"": [""tutorial/handling-errors-6""]}"
67797253ce57ea43fce43af34b004d4780e9f24c8a6a1e248500cb7761db1677,optimized|q29,optimized,q29,advanced,How do I include and organize APIRouter instances in a larger FastAPI application?,1305,e08b47b55d7237f38bcaba48c79a468a40b92e4f3120e968ae9ece999f5e8c2d,5,ollama,qwen2.5:3b,ollama,qwen2.5:3b,0.0,256,false,42,9755600,10776575900,10786447700,"[""reference/apirouter-0"", ""tutorial/bigger-applications-27"", ""tutorial/bigger-applications-6"", ""tutorial/bigger-applications-20"", ""tutorial/frontend-7""]","[""reference/apirouter-0"", ""tutorial/bigger-applications-17"", ""tutorial/bigger-applications-20"", ""tutorial/bigger-applications-21"", ""tutorial/bigger-applications-22"", ""tutorial/bigger-applications-23"", ""tutorial/bigger-applications-27"", ""tutorial/bigger-applications-4"", ""tutorial/bigger-applications-5"", ""tutorial/bigger-applications-6"", ""tutorial/bigger-applications-8"", ""tutorial/static-files-2""]","[""reference/apirouter-0"", ""tutorial/bigger-applications-27"", ""tutorial/bigger-applications-6"", ""tutorial/bigger-applications-20""]",4,0.8,0.3333333333333333,true,1,1,"[""tutorial/bigger-applications-27""]",[],1,1.0,70,"You can include and organize APIRouter instances in a larger FastAPI application by using the `include_router` method. This method allows you to include another `APIRouter` in your main `FastAPI` application, and all the path operations from the included router will be included in routing and OpenAPI. You can do this before or after including the router in the `FastAPI` app. [tutorial/bigger-applications-27] demonstrates how to include an `APIRouter` in another `APIRouter`.","{""citation_count"": 1, ""citation_retry_count"": 1, ""citation_valid"": true, ""done_reason"": ""stop"", ""effective_max_tokens"": 256, ""eval_count"": 105, ""eval_duration"": 1877152000, ""invalid_citations"": [], ""load_duration"": 1626800, ""prompt_eval_count"": 1704, ""prompt_eval_duration"": 1222660000, ""requested_max_tokens"": 256, ""requested_seed"": 42, ""requested_temperature"": 0.0, ""thinking_enabled"": false, ""total_duration"": 3111364300, ""truncation_retries"": 0, ""valid_citations"": [""tutorial/bigger-applications-27""]}"
67797253ce57ea43fce43af34b004d4780e9f24c8a6a1e248500cb7761db1677,semantic|q29,semantic,q29,advanced,How do I include and organize APIRouter instances in a larger FastAPI application?,1305,e08b47b55d7237f38bcaba48c79a468a40b92e4f3120e968ae9ece999f5e8c2d,5,ollama,qwen2.5:3b,ollama,qwen2.5:3b,0.0,256,false,42,18711100,9771020100,9789865000,"[""tutorial/bigger-applications-20"", ""tutorial/bigger-applications-5"", ""tutorial/bigger-applications-27"", ""tutorial/bigger-applications-23"", ""tutorial/bigger-applications-4""]","[""reference/apirouter-0"", ""tutorial/bigger-applications-17"", ""tutorial/bigger-applications-20"", ""tutorial/bigger-applications-21"", ""tutorial/bigger-applications-22"", ""tutorial/bigger-applications-23"", ""tutorial/bigger-applications-27"", ""tutorial/bigger-applications-4"", ""tutorial/bigger-applications-5"", ""tutorial/bigger-applications-6"", ""tutorial/bigger-applications-8"", ""tutorial/static-files-2""]","[""tutorial/bigger-applications-20"", ""tutorial/bigger-applications-5"", ""tutorial/bigger-applications-27"", ""tutorial/bigger-applications-23"", ""tutorial/bigger-applications-4""]",5,1.0,0.4166666666666667,true,1,1,"[""tutorial/bigger-applications-20""]",[],1,1.0,44,"To include and organize APIRouter instances in a larger FastAPI application, you can use the `app.include_router()` method. This method allows you to add an `APIRouter` instance to the main `FastAPI` application, making all the routes from that router part of the main application. [tutorial/bigger-applications-20]","{""citation_count"": 1, ""citation_retry_count"": 1, ""citation_valid"": true, ""done_reason"": ""stop"", ""effective_max_tokens"": 256, ""eval_count"": 70, ""eval_duration"": 1229988000, ""invalid_citations"": [], ""load_duration"": 2243000, ""prompt_eval_count"": 1676, ""prompt_eval_duration"": 1224686000, ""requested_max_tokens"": 256, ""requested_seed"": 42, ""requested_temperature"": 0.0, ""thinking_enabled"": false, ""total_duration"": 2470869300, ""truncation_retries"": 0, ""valid_citations"": [""tutorial/bigger-applications-20""]}"
67797253ce57ea43fce43af34b004d4780e9f24c8a6a1e248500cb7761db1677,no_rag|q29,no_rag,q29,advanced,How do I include and organize APIRouter instances in a larger FastAPI application?,1305,e08b47b55d7237f38bcaba48c79a468a40b92e4f3120e968ae9ece999f5e8c2d,,ollama,qwen2.5:3b,ollama,qwen2.5:3b,0.0,256,false,42,,788403100,788403100,[],"[""reference/apirouter-0"", ""tutorial/bigger-applications-17"", ""tutorial/bigger-applications-20"", ""tutorial/bigger-applications-21"", ""tutorial/bigger-applications-22"", ""tutorial/bigger-applications-23"", ""tutorial/bigger-applications-27"", ""tutorial/bigger-applications-4"", ""tutorial/bigger-applications-5"", ""tutorial/bigger-applications-6"", ""tutorial/bigger-applications-8"", ""tutorial/static-files-2""]",[],,,,,,,[],[],,,32,"Organize APIRouter instances by grouping related endpoints under a single router, typically in a main routers file or module. Use the include_router method in your main app instance to integrate these routers.","{""done_reason"": ""stop"", ""eval_count"": 39, ""eval_duration"": 629528000, ""load_duration"": 1667300, ""prompt_eval_count"": 83, ""prompt_eval_duration"": 131961000, ""requested_max_tokens"": 256, ""requested_seed"": 42, ""requested_temperature"": 0.0, ""thinking_enabled"": false, ""total_duration"": 786498600}"
67797253ce57ea43fce43af34b004d4780e9f24c8a6a1e248500cb7761db1677,semantic|q30,semantic,q30,advanced,How can I customize or extend the generated OpenAPI schema in FastAPI?,1305,e08b47b55d7237f38bcaba48c79a468a40b92e4f3120e968ae9ece999f5e8c2d,5,ollama,qwen2.5:3b,ollama,qwen2.5:3b,0.0,256,false,42,21268100,7633696600,7655087800,"[""how-to/extending-openapi-5"", ""tutorial/first-steps-10"", ""how-to/extending-openapi-0"", ""how-to/extending-openapi-6"", ""how-to/extending-openapi-7""]","[""advanced/behind-a-proxy-20"", ""advanced/path-operation-advanced-configuration-6"", ""advanced/path-operation-advanced-configuration-8"", ""how-to/extending-openapi-0"", ""how-to/extending-openapi-1"", ""how-to/extending-openapi-3"", ""how-to/extending-openapi-5"", ""how-to/extending-openapi-6"", ""how-to/extending-openapi-7"", ""how-to/separate-openapi-schemas-0"", ""how-to/separate-openapi-schemas-8"", ""reference/openapi/models-0"", ""tutorial/body-fields-3"", ""tutorial/schema-extra-example-1"", ""tutorial/schema-extra-example-14"", ""tutorial/schema-extra-example-15"", ""tutorial/schema-extra-example-4""]","[""how-to/extending-openapi-5"", ""how-to/extending-openapi-0"", ""how-to/extending-openapi-6"", ""how-to/extending-openapi-7""]",4,0.8,0.23529411764705882,true,1,3,"[""how-to/extending-openapi-0"", ""how-to/extending-openapi-6"", ""how-to/extending-openapi-7""]",[],3,1.0,60,"There are some cases where you might need to modify the generated OpenAPI schema. In this section you will see how. [how-to/extending-openapi-0] demonstrates how to extend the OpenAPI schema. [how-to/extending-openapi-6] shows how to add a custom `x-logo` to the `info` ""object"" in the OpenAPI schema. [how-to/extending-openapi-7] explains how to cache the OpenAPI schema to avoid generating it on each request.","{""citation_count"": 3, ""citation_retry_count"": 1, ""citation_valid"": true, ""done_reason"": ""stop"", ""effective_max_tokens"": 256, ""eval_count"": 104, ""eval_duration"": 1800499000, ""invalid_citations"": [], ""load_duration"": 2267300, ""prompt_eval_count"": 1080, ""prompt_eval_duration"": 1173980000, ""requested_max_tokens"": 256, ""requested_seed"": 42, ""requested_temperature"": 0.0, ""thinking_enabled"": false, ""total_duration"": 2984648000, ""truncation_retries"": 0, ""valid_citations"": [""how-to/extending-openapi-0"", ""how-to/extending-openapi-6"", ""how-to/extending-openapi-7""]}"
67797253ce57ea43fce43af34b004d4780e9f24c8a6a1e248500cb7761db1677,no_rag|q30,no_rag,q30,advanced,How can I customize or extend the generated OpenAPI schema in FastAPI?,1305,e08b47b55d7237f38bcaba48c79a468a40b92e4f3120e968ae9ece999f5e8c2d,,ollama,qwen2.5:3b,ollama,qwen2.5:3b,0.0,256,false,42,,804446900,804446900,[],"[""advanced/behind-a-proxy-20"", ""advanced/path-operation-advanced-configuration-6"", ""advanced/path-operation-advanced-configuration-8"", ""how-to/extending-openapi-0"", ""how-to/extending-openapi-1"", ""how-to/extending-openapi-3"", ""how-to/extending-openapi-5"", ""how-to/extending-openapi-6"", ""how-to/extending-openapi-7"", ""how-to/separate-openapi-schemas-0"", ""how-to/separate-openapi-schemas-8"", ""reference/openapi/models-0"", ""tutorial/body-fields-3"", ""tutorial/schema-extra-example-1"", ""tutorial/schema-extra-example-14"", ""tutorial/schema-extra-example-15"", ""tutorial/schema-extra-example-4""]",[],,,,,,,[],[],,,29,You can customize or extend the generated OpenAPI schema in FastAPI by defining your API routes and models within the `APIRouter` and using the `include_in_schema` parameter to control visibility.,"{""done_reason"": ""stop"", ""eval_count"": 40, ""eval_duration"": 652069000, ""load_duration"": 1614600, ""prompt_eval_count"": 82, ""prompt_eval_duration"": 132308000, ""requested_max_tokens"": 256, ""requested_seed"": 42, ""requested_temperature"": 0.0, ""thinking_enabled"": false, ""total_duration"": 802462500}"
67797253ce57ea43fce43af34b004d4780e9f24c8a6a1e248500cb7761db1677,optimized|q30,optimized,q30,advanced,How can I customize or extend the generated OpenAPI schema in FastAPI?,1305,e08b47b55d7237f38bcaba48c79a468a40b92e4f3120e968ae9ece999f5e8c2d,5,ollama,qwen2.5:3b,ollama,qwen2.5:3b,0.0,256,false,42,11958400,7407887600,7420060000,"[""advanced/path-operation-advanced-configuration-6"", ""how-to/extending-openapi-0"", ""how-to/extending-openapi-7"", ""tutorial/first-steps-14"", ""how-to/general-9""]","[""advanced/behind-a-proxy-20"", ""advanced/path-operation-advanced-configuration-6"", ""advanced/path-operation-advanced-configuration-8"", ""how-to/extending-openapi-0"", ""how-to/extending-openapi-1"", ""how-to/extending-openapi-3"", ""how-to/extending-openapi-5"", ""how-to/extending-openapi-6"", ""how-to/extending-openapi-7"", ""how-to/separate-openapi-schemas-0"", ""how-to/separate-openapi-schemas-8"", ""reference/openapi/models-0"", ""tutorial/body-fields-3"", ""tutorial/schema-extra-example-1"", ""tutorial/schema-extra-example-14"", ""tutorial/schema-extra-example-15"", ""tutorial/schema-extra-example-4""]","[""advanced/path-operation-advanced-configuration-6"", ""how-to/extending-openapi-0"", ""how-to/extending-openapi-7""]",3,0.6,0.17647058823529413,true,1,1,"[""how-to/extending-openapi-0""]",[],1,1.0,25,"You can customize or extend the generated OpenAPI schema in FastAPI by using the parameter `openapi_extra`. For more details, refer to the documentation in [how-to/extending-openapi-0].","{""citation_count"": 1, ""citation_retry_count"": 1, ""citation_valid"": true, ""done_reason"": ""stop"", ""effective_max_tokens"": 256, ""eval_count"": 42, ""eval_duration"": 713252000, ""invalid_citations"": [], ""load_duration"": 2121900, ""prompt_eval_count"": 1221, ""prompt_eval_duration"": 1170607000, ""requested_max_tokens"": 256, ""requested_seed"": 42, ""requested_temperature"": 0.0, ""thinking_enabled"": false, ""total_duration"": 1896264600, ""truncation_retries"": 0, ""valid_citations"": [""how-to/extending-openapi-0""]}"
